block,job_size,canonical_name,frequency,business_segments,job_segments,sources_count,so_that,context_when,fitbase_value,barriers,drivers,previous_solution_problems,lpr_quote,sources,all_variants,cluster_id,concept_tag
Финансы и учёт,Small,Создавать и управлять абонементами с разной номенклатурой,7,"S1, S2, S5","J1, J2, J5",7,"Чтобы увеличить продажи, снизить количество пропущенных продлений и упростить работу администраторов","Когда продажи абонементов проходят через администраторов вручную, нет автоматических напоминаний о продлении","Автоматические рассылки, интеграция с платежными системами, мобильное приложение для покупки абонементов","""Если клиент болел, он может принести справку, мы ее подгружаем в карточку.""","Автоматические рассылки (WhatsApp, Telegram, push-уведомления), интеграция с платежными системами","В 1С Фитнес была сложная и раздутная номенклатура, непонятно как учитывать разные направления","«Публичная оферта, правила посещения, галочка — снимает ответственность с владельцев.» (29:56) || ""Администратор видит... и также видит систему, которая будет при входе с QR-кодом"" (Мария) || ""У нас абонемент не привязан к направлению... Как тогда в этом случае?""","Speaker A — зал без персонала (расширенный, 8 джобов); АГРЕГИРОВАНО (без привязки к конкретному интервью); Детская студия — дзюдо/тхэквондо (1С); Каталина Алексеева — пилатес/реабилитация, Гатчина; Клуб — общий switch-кейс; Оксана — две детских студии (AppEvent); Танцевальная студия — Mobi-конкурент","Автоматизировать продажи абонементов и продлений | Видеть остатки по абонементам в моменте | Загружать и вести абонементы | Обеспечить юридическую защиту и ответственность при продаже абонементов | Создавать и управлять абонементами с разным количеством занятий и сроком действия | Управлять абонементами и услугами клиентов | Управлять детской студией с уникальной номенклатурой абонементов через единое окно, где работают мессенджеры, мобайл и автоматизация — без зависимости от 1С и без потери ноу-хау в учёте.",Фин-06,абонементы_управление
Финансы и учёт,Big,Контролировать выручку и продажи в реальном времени,4,"S1, S3","J1, J2, J4",4,"Чтобы бизнес был устойчивым, прибыльным, с минимальными рисками, и я мог принимать обоснованные решения без хаоса","Когда управляю несколькими студиями с разными помещениями, тренерами и клиентами, сталкиваюсь с необходимостью контроля и автоматизации","Интегрированное решение, которое закрывает все задачи в одном пакете, упрощает управление и автоматизирует процессы","Ограничения мобильного приложения, необходимость доработок, некоторые функции не автоматизированы","Удобный интерфейс, мобильное приложение, пакетность функций, возможность масштабирования","Excel и другие решения были разрозненными, усложняли работу, не давали полной картины, много ручной работы и ошибок","""Самая главная боль была, я хотел, чтобы у меня все было в одном месте... Excel, плюс еще где-то данные в заметках..."" 15:43","АГРЕГИРОВАНО (без привязки к конкретному интервью); Анастасия (Пермь) — выход из франшизы (1С+Mobi); Дмитрий — сеть, JTBD-вариант; Каталина Алексеева — пилатес/реабилитация, Гатчина","Выйти из франшизы с минимальным операционным риском и перенастроить весь стек учёта, мобильного приложения и коммуникаций на свою юр.лицо. | Контролировать продажи и выручку | Контролировать реальную прибыль (Реализация vs Касса) | Управлять сетью фитнес-студий с эффективным контролем клиентов, расписания и финансов, чтобы бизнес был прибыльным и устойчивым",Фин-01,выручка_контроль
Финансы и учёт,Small,Электронные договоры и оферта (юридически значимо),4,"S1, S2","J1, J2, J3",4,"Упростить юридическую сторону, избежать бумажной волокиты.",Клиент покупает абонемент или пользуется услугами.,Автоматизация договоров.,,Упрощение документооборота.,Бумажная работа или отсутствие процесса.,—,"Анастасия (Пермь) — выход из франшизы (1С+Mobi); Евгений — клуб корпоративный (1С КОРП); Каталина Алексеева — пилатес/реабилитация, Гатчина; Ярослава — открытие студии пилатеса","Вести договоры с клиентами через оферту в приложении | Подписание договоров по SMS (юридически значимо) — есть, важно для Анастасии | Подписание договоров по SMS — есть, но смс отдельно платятся | Подписывать договоры через СМС (уйти от бумаги)",Фин-04,налоги_оферта
Финансы и учёт,Middle,Снизить TCO стека и избавиться от доплат за каждую фичу,4,"S1, S2","J1, J2",2,"Снизить ежемесячные косты, упростить операционку, перестать платить «за всё подряд по разным счетам»","«У нас много доплат. Отдельно мобильное приложение, отдельно SMS, которые сумасшедшие деньги стоят»",,Cloud Payments 2.7% vs Сбер 2% = +0.7% на онлайн-оплатах; Юкасса будет интеграция «в апреле»,скидка 10% после демо в течение 3 дней; возможность апгрейда тарифа с пересчётом доплаты,,,Анастасия (Пермь) — выход из франшизы (1С+Mobi); Евгений — клуб корпоративный (1С КОРП),"Запись через виджет на сайте — есть, без доплаты | Понять реальный TCO с учётом всех доплат | Снизить TCO стека и упростить интерфейс для админов 20-25 лет, сохранив весь действующий функционал (СКУД, мобайл, эквайринг). | Снизить совокупный TCO стека 1С+Mobi+PocketKey+Юкасса",Фин-14,tco_доплат
Финансы и учёт,Small,Управлять и контролировать администраторов на ресепшене,3,S1,J1,3,Чтобы снизить нагрузку на администраторов и повысить вовлеченность клиентов,"Когда нужно напомнить о занятиях, окончании абонемента, акциях",Автоматические триггерные рассылки,"""Поздравления с днем рождения, напоминания о занятиях, акциях.""","Более 30 триггерных событий, бесплатные рассылки",Ручные звонки и сообщения,,АГРЕГИРОВАНО (без привязки к конкретному интервью); Анастасия (Пермь) — выход из франшизы (1С+Mobi); Танцевальная студия — Mobi-конкурент,"FitBase Click (планшет на ресепшене) — упомянуто Кристиной, Анастасия задаёт вопрос про интеграцию с домофоном, но «50-60к доп.расходов» останавливает | Настраивать уведомления и триггеры | Отправлять клиентам уведомления и напоминания",Фин-07,адмы
Финансы и учёт,Small,Управлять подписками и рекуррентными списаниями,3,"S1, S5","J1, J3",3,Чтобы обеспечить стабильный денежный поток и удобство для клиентов,"Когда открылся в технологическом режиме и нужно быстро доработать мелочи (жара в зале, манжеты тренажёров)","Автоматическое списание, информирование клиентов",Недопонимание клиентами подписной модели,"Информирование клиентов, возвраты при отказе","Клиенты иногда не понимают подписную модель, возникают вопросы и недовольство","«Прилетала обратная связь, что душно — надо кондиционеры. Клиент говорит, у меня девушка пыталась сделать упражнения, манжеты неудобные — будем докупать.» (13:09) || «С этим было тоже. У людей возникает часто в связи с этим вопросы... Но с ними мы вопрос улаживаем.» (13:29)","Speaker A — зал без персонала (расширенный, 8 джобов); Алексей Кочкин — зал без персонала (Екатеринбург, открытие); Анастасия (Пермь) — выход из франшизы (1С+Mobi)",BNPL / рекурренты — пока не нужно | Собирать обратную связь первых клиентов о комфорте | Управлять подписками и оплатами клиентов,Фин-09,подписки_рекурренты
Финансы и учёт,Small,"Управлять акциями, скидками и промокодами",2,S6,J4,2,Чтобы увеличить продажи,Когда клиенты хотят подарить абонемент,Сертификаты в CRM,Нет,Доп. продажи,Нет инструмента,"«В моём счёте я буду видеть все транзакции, которые когда-либо были» (12:30)",АГРЕГИРОВАНО (без привязки к конкретному интервью); Денис — падл-клуб (старт),"Вести учёт продаж и оплат (членства, подарочные сертификаты) | Выдавать сертификаты",Фин-13,акции_скидки
Финансы и учёт,Middle,Считать зарплату тренеров без Excel и ошибок,1,S3,J4,1,"Чтобы экономить время, избежать ошибок, иметь прозрачный и точный учет финансов, не тратить время на ручные сверки","Когда тренеры получают зарплату по оплатам клиентов, а я веду учет вручную, сверяю данные с эквайрингом и отчетами",Возможность автоматического расчета зарплат с учетом оплат и возвратов,"""Мне приходится это делать вручную... в FitBase невозможно настроить так, чтобы считалось автоматически"" 35:44","Необходимость доработки функционала расчета зарплат, учета возвратов и оплаты задним числом","В FitBase нет автоматического расчета по факту оплаты, приходится считать вручную, сложно учитывать возвраты и корректировки",,"Дмитрий — сеть, JTBD-вариант",Автоматизировать расчет и учет зарплат тренеров по факту оплаты клиентов,Фин-02,зарплата_тренеров
Финансы и учёт,Small,Лидогенерация и воронка продаж (заявки → клиент),1,S3,J4,1,Чтобы выделяться при покупке лида и создавать эмоциональный отклик,Когда визуал = одна из трёх точек привлечения (цена/доступность/визуал). Сайт Urban Fit оценен интервьюером как лучший в индустрии,Брендирование МПК через Fitbase,Стоимость production,—,—,«Идентика важна. Но в первую очередь люди выбирают исходя из стоимости и доступности. На этом важно первично делать акцент.» (43:20),"Urban Fit — сеть рекуррентов (Жан + Евгений, 12 клубов СПб)",Использовать сильный визуал как часть треугольника привлечения,Фин-03,лиды_воронка
Финансы и учёт,Small,BI-аналитика и дашборды по бизнесу,1,S1,J3,1,Принимать обоснованные управленческие решения.,Нужно понимать эффективность работы студии и тренеров.,Отчеты и аналитика.,,Прозрачность данных.,Нет аналитики.,—,Ярослава — открытие студии пилатеса,"Вести аналитику по выручке, посещаемости и работе тренеров",Фин-05,аналитика_бизнеса
Финансы и учёт,Small,Отслеживать оплаты и задолженности клиентов,1,S1,J1,1,Чтобы поддерживать финансовую дисциплину,Когда клиент не оплатил вовремя,"Отчеты по задолженностям, фильтры","""Можно поставить фильтр 'непродленные' и работать с ними.""",Отчеты и фильтры в системе,"Ручной учет, потеря платежей",,Танцевальная студия — Mobi-конкурент,Управлять оплатами и задолженностями клиентов,Фин-08,оплаты_задолженност
Финансы и учёт,Middle,Управлять персональными тренировками и записью,1,S5,J1,1,Чтобы упростить финансовые расчеты и контроль за тренировками,"Когда я нанимаю тренеров и хочу, чтобы их работа и оплата были прозрачны и автоматизированы","Полная интеграция персональных тренировок в мобильное приложение, автоматический учет тренировок","Нет явных барьеров, система устраивает","Удобство работы тренеров в приложении, автоматизация учета тренировок","Ранее не упоминалось, что были проблемы с этим, система работает удобно","«Персональные тренировки тоже покупаются через мобильное приложение... Тренер отмечает тренировку, и система считает, что она прошла.» (8:40)","Speaker A — зал без персонала (расширенный, 8 джобов)",Управлять взаимоотношениями с персональными тренерами через мобильное приложение,Фин-10,персональные_занят
Финансы и учёт,Small,Объединить всё в одном окне / единой системе,1,,,1,Чтобы ничего не терялось,Когда клиенты пишут в разные каналы,"Интеграция WhatsApp, Telegram",Ограничения Telegram,Централизация,Разрозненные чаты,,АГРЕГИРОВАНО (без привязки к конкретному интервью),Вести переписку с клиентами в одном окне,Фин-11,одно_окно
Финансы и учёт,Small,Отмечать посещения клиентов (QR/чекин/ручная),1,,,1,Чтобы принимать решения,Когда нужен анализ,BI-отчёты,Сложность метрик,Цифры,"Excel, нет аналитики",,АГРЕГИРОВАНО (без привязки к конкретному интервью),Делать отчёты по продажам и посещаемости,Фин-12,посещения_отметки
Финансы и учёт,Middle,IP-телефония для работы с клиентами,1,S5,J1,1,,"«Я владелец, я не сижу постоянно в зале. Хочу с мобилки или дома зайти в программу»",,,BI Dashboard от Яндекса по ссылке + Telegram-бот для управленцев с ежедневным отчётом,,,Анастасия (Завьялово) — микро-студия без админов,Видеть выручку и статистику с телефона,Фин-15,ip_телефония
Финансы и учёт,Middle,Касса (Atol/облачная) и эквайринг,1,S2,J2,1,,Касса Atol уже подключена через её самописную программу,,,,,,Марина — самописная 1С,Касса Atol + СБП → Юкасса (расчётный счёт Сбера),Фин-16,касса_atol
Финансы и учёт,Small,Анализировать финансовые показатели и распределять дивиденды,1,S4,J4,1,Чтобы поддерживать капитализацию и мотивацию,Когда нужно оценить прибыль и вознаградить акционеров,"Финансовая устойчивость, мотивация",,,"Сложность финансового анализа, необходимость точных данных",,"Стас — Stretch House (франшиза, 65 студий)",Анализировать финансовые показатели и распределять дивиденды,Фин-17,
Финансы и учёт,Middle,Привлекать новую молодую аудиторию (до 35 лет) через premium-budget позиционирование,1,S3,J4,1,Чтобы оставаться рентабельными при низкой цене и расти на 3x быстрее рынка,"Когда мы лоукостер по цене + premium по качеству. Стоимость персональной тренировки = 3 месяца подписки клуба — рушит логику. Класс. модели рассчитывают получать с лида больше денег за месяц, мы должны платить меньше за лид",Контекстная реклама и таргет работают через Fitbase лиды → клиенты,"Premium-budget = оксюморон, на рынке мало понимания",Контекст и таргет дают стабильный поток лидов,"Рынок выжигается медленнее чем ожидалось — даже через 2,5 года первенцы (Прометея, Кутузова) дают тот же поток лидов","«Premium low cost — это такой оксюморон, как горячий снег, но он существует.» (28:34) | «Стоимость персональной тренировки = 3 наши месяца. Логика прям вообще рушится.» (17:49)","Urban Fit — сеть рекуррентов (Жан + Евгений, 12 клубов СПб)",Привлекать новую молодую аудиторию (до 35 лет) через premium-budget позиционирование,Фин-18,
Финансы и учёт,Middle,Поддерживать высокий темп открытия новых клубов с доказательством модели инвестору,1,S3,J4,1,"Чтобы реализовать стратегию 50-60 клубов в СПб + новые форматы (NEO, ещё 3 формата в разработке)",Когда инвестор изначально не давал бесконечный кардбланш — первые клубы доказывали модель. Сейчас доказали — растем активнее. С 7 в феврале 25 до 12 сейчас + 4 в открытии,Fitbase масштабируется под рост сети,Аренда коммерческих помещений в СПб,—,—,"«Каждый раз когда спрашивают откуда лиды, статистика на первых клубах не падает, иногда вырастает больше чем в первый год.» (30:51) | «Кассовый разрыв 3 месяца, полный выход — 6-12 месяцев.» (62:34)","Urban Fit — сеть рекуррентов (Жан + Евгений, 12 клубов СПб)",Поддерживать высокий темп открытия новых клубов с доказательством модели инвестору,Фин-19,
Финансы и учёт,Small,Управлять ценообразованием в рамках рыночных границ,1,S3,J4,1,Чтобы расти в марже без потери позиционирования лоукоста,Когда подняли цену на 10% — минимальный негатив. Готовы поднимать дальше но в рамках цен законодателей рынка,—,Не можем стать дороже законодателей рынка,Эластичность спроса позволяет,—,«Подняли на 10% — был негатив минимальный.» (55:10) | «Мы по стоимости находимся все равно внизу.»  (55:36),"Urban Fit — сеть рекуррентов (Жан + Евгений, 12 клубов СПб)",Управлять ценообразованием в рамках рыночных границ,Фин-20,
Финансы и учёт,Small,Конкурировать со студиями и старыми классическими клубами,1,S3,J4,1,Чтобы расти даже в плотной конкурентной среде,Когда около станции метро Пионерская — 5 фитнес-клубов на перекрёстке. Один из трёх самых продающих у Urban Fit,—,Жёсткая конкуренция требует постоянного качества,"Новизна продукта, рекуррентная модель сложна для копирования",—,«5 фитнес-клубов на перекрёстке — один из самых продающих у нас.» (59:28) | «Старому клубу для перехода на рекуррент нужен ремонт + кассовый разрыв 6-12 месяцев.» (61:39),"Urban Fit — сеть рекуррентов (Жан + Евгений, 12 клубов СПб)",Конкурировать со студиями и старыми классическими клубами,Фин-21,
Финансы и учёт,Middle,"Автоматизировать учет клиентов, расписание и оплату занятий",1,S1,J3,1,"Упростить управление, избежать ошибок, не терять клиентов, быстро обрабатывать заявки и платежи.","Студия готовится к запуску, есть необходимость вести учет клиентов, расписание и оплату без ручной работы.",CRM с интеграцией облачной кассы и мобильным приложением.,,"Онлайн-оплата, интеграции с платежами, автоматическое списание занятий.","Нет облачной кассы, двойной учет (физическая касса + ручной учет), отсутствие автоматизации.",—,Ярослава — открытие студии пилатеса,"Автоматизировать учет клиентов, расписание и оплату занятий",Фин-22,
Финансы и учёт,Small,Обеспечить возможность покупки и записи на занятия без скачивания приложения,1,S1,J3,1,Уменьшить барьеры для клиентов и увеличить продажи.,"Есть клиенты, которые не хотят или не могут устанавливать приложение.",Личный кабинет и виджет онлайн-расписания.,,Увеличение конверсии.,Нет удобного онлайн-доступа.,"«Мне нравится вариант, что сайта прям сразу можно посмотреть и оплатить, и не скачивая приложение»",Ярослава — открытие студии пилатеса,Обеспечить возможность покупки и записи на занятия без скачивания приложения,Фин-23,
Финансы и учёт,Middle,Вести учет клиентов и оплат,1,S1,J1,1,"Чтобы быстро видеть, кто оплатил, кто нет, и не тратить время на сверку вручную","Когда клиенты платят, а деньги приходят на карту или расчетный счет, и нужно сверять платежи",Облачная касса и онлайн-оплата с автоматическим учетом платежей,"Стоимость подключения кассы, необходимость перехода на бизнес-аккаунты","Подключение облачной кассы, онлайн-оплата, автоматизация отчетности","Нет автоматического учета, приходится сверять вручную, сложно понять, кто и за что платил","""У меня там Excel считает внизу, сколько всего заплатили в этом классе. Потом это сводится по всей школе. Такая получается работа сложная.""",Танцевальная студия — Mobi-конкурент,Вести учет клиентов и оплат,Фин-24,
Финансы и учёт,Middle,Использовать AI-помощников в управленческих и строительных задачах,1,S5,J3,1,Чтобы экономить время и не зависеть от единственного эксперта,"Когда нужно посчитать расход материалов, проверить цены подрядчиков, подобрать конфигурацию оборудования",—,Прорабы скептически относятся к GPT-аргументам,"GPT, Хастингс 3D, нейросети интегрированы плотно",GPT иногда занижает/завышает цены — нашёл региональное приложение точнее,"«Нейросети интегрированы в рабочие процессы очень плотно везде... подбор тренажёров, расчёт строительной смеси, торговаться с подрядчиками.» (11:00)","Алексей Кочкин — зал без персонала (Екатеринбург, открытие)",Использовать AI-помощников в управленческих и строительных задачах,Фин-25,
Финансы и учёт,Big,Контролировать финансы и продажи,1,,,1,Чтобы управлять ростом бизнеса,Когда нужно планировать и расти,"BI-отчёты, финансы",Сложность аналитики,Желание «видеть цифры»,"Excel и ручные подсчёты, ошибки",,АГРЕГИРОВАНО (без привязки к конкретному интервью),Контролировать финансы и продажи,Фин-26,
Финансы и учёт,Middle,Вести учёт клиентской базы (активные и архивные),1,,,1,Чтобы видеть актуальный статус клиента и работать с retention,Когда база растёт и клиентов много,"CRM-карточки, архив","Объем базы, перенос",Централизация,"Excel, дубли, потеря данных",,АГРЕГИРОВАНО (без привязки к конкретному интервью),Вести учёт клиентской базы (активные и архивные),Фин-27,
Финансы и учёт,Middle,Делегировать продажи и сервис,1,S1,J2,1,,"Нанять админов/менеджеров так, чтобы они работали по скриптам и возвращали клиентов, а не просто «открывали дверь».",,,,,,"Каталина Алексеева — пилатес/реабилитация, Гатчина",Делегировать продажи и сервис,Фин-28,
Финансы и учёт,Middle,Снять зависимость от 1С при платежах,1,S2,J2,1,,Евгений сейчас платит Сберу через Юкассу 2% эквайринг,,,,,,Евгений — клуб корпоративный (1С КОРП),Снять зависимость от 1С при платежах,Фин-29,
Финансы и учёт,Small,"BI Dashboard от Яндекса — в тарифе PRO, 30 метрик",1,S2,J2,1,,,,,,,,Евгений — клуб корпоративный (1С КОРП),"BI Dashboard от Яндекса — в тарифе PRO, 30 метрик",Фин-30,
Финансы и учёт,Small,Электронное подписание документов — заинтересовал,1,S1,J5,1,,,,,,,,Детская студия — дзюдо/тхэквондо (1С),Электронное подписание документов — заинтересовал,Фин-31,
Финансы и учёт,Middle,Финансовая гарантия + возможность вернуться,1,S2,J2,1,,"«Если мы с вами работаем, что-то нас не устраивает, и потом захотели на другую программу идти, базу нам не проблема перенести с вашей программы»",,,,,,Марина — самописная 1С,Финансовая гарантия + возможность вернуться,Фин-32,
Персонал и зарплаты,Middle,Управлять и контролировать администраторов на ресепшене,8,"S1, S2, S3, S5","J1, J2, J4",5,"Чтобы тренеры были автономны, расписание всегда актуально, а я мог контролировать загрузку залов и эффективность работы","Когда веду учет зарплат тренеров и администраторов, сталкиваюсь с разными схемами оплаты и сложностями в расчетах","Возможность настроить разные схемы оплаты, включая фикс, процент, оплату за каждого пришедшего клиента, а также планы на расширение функционала","""Если они вот пользовались U-Cleanse приложением, им было все удобно... тут вдруг я им говорю, вы теперь должны заходить в браузер"" 27:18","Гибкость настроек, планы расширения функционала, возможность оплаты за каждого пришедшего клиента, учет часов для администраторов в будущем","Ранее ограниченные возможности начисления, отсутствие часовой оплаты для администраторов, невозможность платить тренерам процент от продаж","""Вы можете в двух словах сказать, что можно еще хотеть? Я просто не понимаю, что еще можно хотеть."" ""Вы, может, где-то себе запишите, что может быть и администраторов туда подключить. Это было бы очень удобно."" || ""Администратор, в свою очередь, сможет в задачнике все эти задачи отслеживать... С помощью статусов отследить выполнение этих задач.""","Lime Fitness — хореография; АГРЕГИРОВАНО (без привязки к конкретному интервью); Анастасия (Завьялово) — микро-студия без админов; Дмитрий — сеть, JTBD-вариант; Евгений — клуб корпоративный (1С КОРП)","Автоматизировать и упростить управление зарплатами тренеров и администраторов | Обеспечить гибкое и удобное расписание тренировок, которое тренеры могут менять ежедневно без нагрузки на администратора | Полностью автоматизировать студию, чтобы убрать стойку администратора и оставить одного управляющего с плавающим графиком + домофон, потому что человеческий фактор админов критически вредит бизнесу. | Раздельные роли (админ, РОП, фитнес-директор) — есть | Сделать рабочий стол админа понятным «девочке 20 лет» | Снизить расходы на админов | Создавать задачи для администраторов | Управлять задачами и контролировать работу администраторов",Пер-01,адмы
Персонал и зарплаты,Small,Считать зарплату тренеров без Excel и ошибок,5,S1,"J1, J2, J5",3,Чтобы правильно учитывать посещаемость и начислять зарплату тренерам,"тренер получает процент от оплаты конкретного занятия. Если клиент болел — он всё равно оплатил, тренер получил процент. Когда приходит в следующем месяце — он уже не платит, тренер уже не получает.",Автоматическое списание посещений и расчет зарплаты,"""Фиксированная ставка за занятие или процент от клиентов.""",Возможность фиксированной ставки или оплаты за клиента,"Ручной учет, возможные ошибки","""Педагог перед занятием отметил деток, кто есть, и ему начислится зарплата.""","Детская студия — дзюдо/тхэквондо (1С); Каталина Алексеева — пилатес/реабилитация, Гатчина; Танцевальная студия — Mobi-конкурент","Автоматизировать расчет сложной зарплаты | Настраивать расчет зарплаты тренерам | Не перепроверять за программой расчет зарплаты (уйти от багов YClients) | Отмечать посещения клиентов на занятиях | Расчёт зарплаты от оплаченного, не от количества проведённых занятий",Пер-06,зарплата_тренеров
Персонал и зарплаты,Middle,Контролировать выручку и продажи в реальном времени,3,"S1, S3, S4","J3, J4",3,"Студия работала стабильно, приносила доход, а Ярослава могла контролировать процессы без излишней ручной работы и стресса.","Ярослава открывает первый проект в фитнес-индустрии, небольшая студия с ограниченным оборудованием и штатом тренеров, без администратора.","Интеграция с простым замком, дешевое решение для доступа, автоматизация контроля посещений","""Нашли замок за 13 тысяч рублей, сделали интеграцию с фитбейсом, но пока коленочная интеграция"" 49:50","Автоматизация, интеграции с мессенджерами, мобильное приложение, поддержка и обучение.","На рынке нет готовых решений с полной интеграцией CRM и системой доступа, приходится использовать ""коленочные"" решения","«Пока всё понятно», «Нравится функционал»","Дмитрий — сеть, JTBD-вариант; Стас — Stretch House (франшиза, 65 студий); Ярослава — открытие студии пилатеса",Внедрить услугу свободного посещения с автоматизированным доступом без персонала | Запустить и эффективно управлять пилатес-студией с минимальными затратами времени и ресурсов | Управлять операционной деятельностью управляющей компании и поддерживать контроль над сетью студий,Пер-02,выручка_контроль
Персонал и зарплаты,Small,Отмечать посещения клиентов (QR/чекин/ручная),2,S1,J2,2,Чтобы корректно списывать занятия и мотивировать тренеров,Когда администраторы забывают отмечать,"QR-коды, карты, отметки в приложении",Нужно оборудование,Прозрачность,"Забывчивость админов, ошибки",,"АГРЕГИРОВАНО (без привязки к конкретному интервью); Каталина Алексеева — пилатес/реабилитация, Гатчина",Видеть рейтинг тренеров по посещаемости групп | Отмечать посещения клиентов,Пер-07,посещения_отметки
Персонал и зарплаты,Small,Нанимать и адаптировать сотрудников,1,S4,J4,1,Чтобы повысить качество работы и снизить ошибки,Когда нанимаю новых сотрудников и хочу обеспечить их быстрое вхождение,"Быстрая адаптация, повышение качества работы",,,"Ограниченное время, высокая вовлечённость, необходимость постоянного контроля",,"Стас — Stretch House (франшиза, 65 студий)",Лично участвовать в обучении и адаптации менеджеров и сотрудников,Пер-03,найм_адаптация
Персонал и зарплаты,Middle,Программа лояльности с бонусами и «приведи друга»,1,S3,J4,1,Чтобы удерживать сотрудников через личное отношение и поддержку (Headhunter рейтинг высокий) и сохранять лояльность,"Когда команда выросла до 200-300+ тренеров + 24 топ-сотрудника. Все знают всех, генеральный директор тренируется в разных клубах 6 раз в неделю",CRM Fitbase автоматизирует часть процессов так что ручной регуляции хватает,Невозможно масштабировать ручной подход бесконечно,Личная вовлечённость управленцев,—,"«Все знают друг друга, могут написать в личку. Это даёт решать индивидуальные вопросы.» (24:26) | «У топ-менеджмента есть синдром отличника — все погружены во все процессы, начиная от гендира.» (51:15)","Urban Fit — сеть рекуррентов (Жан + Евгений, 12 клубов СПб)",Управлять командой ручным регулированием без жёстких регламентов,Пер-04,программа_лояльности
Персонал и зарплаты,Middle,BI-аналитика и дашборды по бизнесу,1,S2,J2,1,"Чтобы иметь точную аналитику посещаемости, контролировать дисциплину и планировать работу клуба","Когда клиенты приходят в клуб, посещаемость фиксируется вручную или не фиксируется, списание занятий не всегда происходит","Автоматическое фиксирование посещений, отчёты по посещаемости, интеграция с системой доступа (QR-код, штрих-код)","Лояльность к текущему процессу, возможное сопротивление изменениям","Система с QR-кодами, автоматическое списание, отчёты, интеграция с мобильным приложением","Отсутствие автоматизации, ""мы очень лояльны на данный момент"", нет контроля списания занятий","""У нас такой... Мы очень лояльны на данный момент"" (Василий)",Клуб — общий switch-кейс,Контролировать посещаемость и списание занятий,Пер-05,аналитика_бизнеса
Персонал и зарплаты,Small,Делать массовые рассылки и автоматические уведомления клиентам,1,S6,J4,1,,,,,,,"«Можно поставить автоматическую задачу — при окончании блока у клиента прилетала ""Настя, у Дениса закончился блок тренировок, напомни""» (22:46)",Денис — падл-клуб (старт),"Автоматизировать задачи для тренеров (напоминания, ДР, контроль блоков тренировок)",Пер-08,рассылки_коммуникац
Персонал и зарплаты,Middle,Создавать и управлять абонементами с разной номенклатурой,1,S5,J1,1,,"Тренеры на аренде, мотивированы продавать абонементы",,,,,,Анастасия (Завьялово) — микро-студия без админов,Тренерское приложение — снять админа с продаж абонементов,Пер-09,абонементы_управление
Персонал и зарплаты,Middle,Обеспечивать стандартизацию и контроль качества тренировок и сервиса,1,S4,J4,1,"Чтобы клиенты получали качественный продукт, а тренеры работали по стандартам",Когда студии работают в разных городах и нужно сохранить единый стандарт,"Высокое качество услуг, удовлетворённость клиентов, снижение рисков",,,"Сложность контроля удалённых студий, необходимость постоянного мониторинга и обратной связи",,"Стас — Stretch House (франшиза, 65 студий)",Обеспечивать стандартизацию и контроль качества тренировок и сервиса,Пер-10,
Персонал и зарплаты,Middle,Управлять тренерским составом на модели 90% аренда / 10% штат,1,S3,J4,1,"Чтобы зарабатывали тренеры (без депинга), зарабатывали мы (от аренды), и клиент получал доступную цену тренировки",Когда классическая модель — тренер в штате с процентом + налоги = стоимость персоналки в 2x дороже. Мы как лоукостер не можем себе позволить,Учёт тренеров и расчёт зарплат в Fitbase,Иногда новый клуб открыт рядом с домом тренера — нужен индивидуальный подход к переводу,Гибкое управление переходами тренеров между клубами при росте,—,"«35 человек на квадратуру 1800-2000. 35 — это на аренде, не считая штата.» (20:08) | «Если бы тренер в штате, для клиента персоналка была бы в 2 раза дороже. Не совсем мы будем биться, мы вроде как лоукостер.» (17:03)","Urban Fit — сеть рекуррентов (Жан + Евгений, 12 клубов СПб)",Управлять тренерским составом на модели 90% аренда / 10% штат,Пер-11,
Персонал и зарплаты,Small,Подбирать молодой тренерский состав под молодую ЦА,1,S3,J4,1,Чтобы молодёжь воспринимала тренеров как авторитет и социализировалась,"Когда исследование Technogym показало — для 25- лет нужны молодые тренеры, авторитеты по возрасту",—,Кадровый голод в индустрии (пока не критичен у Urban Fit),Юлия Александр + директор групповых программ хорошо анализируют рынок труда,—,"«Молодёжь выбирает экспертов ближе по возрасту. Мы уже к этому пришли — наблюдаю, у нас достаточно молодой тренерский состав.» (36:14)","Urban Fit — сеть рекуррентов (Жан + Евгений, 12 клубов СПб)",Подбирать молодой тренерский состав под молодую ЦА,Пер-12,
Персонал и зарплаты,Small,Вести задачи для тренеров и контролировать их выполнение,1,S1,J3,1,Обеспечить индивидуальный подход к клиентам и качество услуг.,"Нужно напомнить тренерам о замерах, противопоказаниях и других индивидуальных моментах.",Блок задач.,,Управляемость команды.,Нет системного контроля.,—,Ярослава — открытие студии пилатеса,Вести задачи для тренеров и контролировать их выполнение,Пер-13,
Персонал и зарплаты,Small,Обучать и поддерживать сотрудников при переходе на новую CRM,1,S1,J1,1,,"Когда внедряю новую систему, хочу, чтобы сотрудники быстро освоили работу и не было сбоев","Закрепленный аккаунт-менеджер, обучение по ролям, техподдержка 9-21, база знаний",Нет,"Поддержка, обучение, консультации",Ранее переходы сопровождались сложностями и недопониманиями,"""Обучение можно разделить на несколько частей... И еще у нас есть техническая поддержка в системе.""",Lime Fitness — хореография,Обучать и поддерживать сотрудников при переходе на новую CRM,Пер-14,
Персонал и зарплаты,Big,Нанимать и контролировать работу правильных сотрудников,1,,,1,Чтобы не терять данные и снизить хаос,Когда появляются админы и тренеры,Роли и контроль,Непривычность сотрудников к CRM,CRM с ролями,В Excel все всё видят,,АГРЕГИРОВАНО (без привязки к конкретному интервью),Нанимать и контролировать работу правильных сотрудников,Пер-15,
Персонал и зарплаты,Middle,Управлять доступами и ролями сотрудников,1,,,1,Чтобы защитить данные и упростить интерфейс,Когда появляются тренеры и администраторы,Настройки ролей,Нет гибкой кастомизации,Защита данных,Все видят всё в Excel,,АГРЕГИРОВАНО (без привязки к конкретному интервью),Управлять доступами и ролями сотрудников,Пер-16,
Персонал и зарплаты,Middle,Мотивировать тренеров через оплату по факту,1,,,1,Чтобы справедливо оплачивать труд,Когда тренеры жалуются на отмены,Расчёт по посещениям,Нужны правила внутри клуба,Справедливость,Оплата по брони → обиды,,АГРЕГИРОВАНО (без привязки к конкретному интервью),Мотивировать тренеров через оплату по факту,Пер-17,
Персонал и зарплаты,Middle,Защитить базу и интеллектуальную собственность,1,S1,J2,1,,"Чтобы тренеры не уводили клиентов в свои «хрущевки» (подписание NDA, ограничение доступа к базе).",,,,,,"Каталина Алексеева — пилатес/реабилитация, Гатчина",Защитить базу и интеллектуальную собственность,Пер-18,
Персонал и зарплаты,Middle,Вести клиентскую базу и коммуникации,1,S6,J4,1,"не терять клиентов, быстро отвечать, вести персонализированную работу","клиенты пишут в соцсетях или звонят, тренеры/админы должны быстро реагировать","интеграция с Instagram, ВКонтакте, WhatsApp, Telegram, встроенный мессенджер",,,,"У нас прямые интеграции с Инстаграм, ВКонтакте, Ватсап, Телеграм, Макс — все",Денис — падл-клуб (старт),Вести клиентскую базу и коммуникации,Пер-19,
Персонал и зарплаты,Small,Видеокарточки тренеров — Анастасия хочет «прокачивать личный бренд тренеров»,1,S5,J1,1,,,,,,,,Анастасия (Завьялово) — микро-студия без админов,Видеокарточки тренеров — Анастасия хочет «прокачивать личный бренд тренеров»,Пер-20,
Персонал и зарплаты,Small,"Лист ожидания на занятия — но Анастасия не хочет, потому что «у тренеров на аренде свои клиенты»",1,S5,J1,1,,,,,,,,Анастасия (Завьялово) — микро-студия без админов,"Лист ожидания на занятия — но Анастасия не хочет, потому что «у тренеров на аренде свои клиенты»",Пер-21,
Персонал и зарплаты,Middle,Обучение сотрудников с возможностью записать курс,1,S2,J2,1,,"«Будет новый администратор, например, этот курс, чтобы он прослушал, просмотрел, всё попробовал»",,,,,,Марина — самописная 1С,Обучение сотрудников с возможностью записать курс,Пер-22,
Персонал и зарплаты,Small,"Аренда зала клиенту — Марина хочет добавить в услуги, в Fitbase есть",1,S2,J2,1,,,,,,,,Марина — самописная 1С,"Аренда зала клиенту — Марина хочет добавить в услуги, в Fitbase есть",Пер-23,
Персонал и зарплаты,Small,"Раздражение: «А вот аренда нам не нужна, мы можем это удалить?» — Ксения: «Удалить нельзя, она будет лишней информацией» → 1-балл к негативу",1,S2,J2,1,,,,,,,,Марина — самописная 1С,"Раздражение: «А вот аренда нам не нужна, мы можем это удалить?» — Ксения: «Удалить нельзя, она будет лишней информацией» → 1-балл к негативу",Пер-24,
Клиенты и удержание,Small,Программа лояльности с бонусами и «приведи друга»,5,"S1, S2","J1, J2",4,Чтобы повысить лояльность и удобство клиентов,"Когда клиенты довольны услугами, хочу, чтобы они приглашали друзей и получали бонусы","Функция ""Приведи друга"" с автоматическим начислением бонусов","""Клиент скачивает приложение, видит новости, расписание, может записываться.""",Разработка и публикация приложения за 14 дней,Ранее не было автоматизации приглашений и бонусов,"""Могут наши клиенты приглашать через приложение своих друзей... и только когда этот друг купит абонемент, тогда ему система автоматически начислит бонус.""",Lime Fitness — хореография; АГРЕГИРОВАНО (без привязки к конкретному интервью); Евгений — клуб корпоративный (1С КОРП); Танцевальная студия — Mobi-конкурент,"Настраивать бонусы вручную | Привлекать новых клиентов через программу ""Приведи друга"" | Программа лояльности с лигами (Сапфир, Бриллиант) — упомянуто, понравилось | Сохранять удобство для клиентов и повышать их лояльность | Управлять мобильным приложением для клиентов",Кли-07,программа_лояльности
Клиенты и удержание,Small,Собирать отзывы и обратную связь клиентов,3,"S1, S4, S6","J1, J4",3,Чтобы улучшать продукт и удерживать клиентов,"Когда клиенты посещают занятия, хочу собирать отзывы для повышения доверия и привлечения новых клиентов",Встроенная функция отзывов в приложении,Нет,"Наличие отзывов в приложении, возможность стимулировать клиентов",Ранее не было удобного способа сбора отзывов,"«Отзывы находятся у вас на модерации — поэтому все отзывы сначала поступают к вам, а потом уже вы выбираете оставлять или нет» (18:36) || ""Вот, кстати, по приложению там обратили внимание, очень классная штука, отзывы есть.""","Lime Fitness — хореография; Денис — падл-клуб (старт); Стас — Stretch House (франшиза, 65 студий)",Получать и обрабатывать отзывы клиентов через приложение | Проводить еженедельные кастдевы с клиентами | Управлять отзывами клиентов о тренерах (модерация),Кли-03,отзывы_обратная_связь
Клиенты и удержание,Middle,Отмечать посещения клиентов (QR/чекин/ручная),3,"S1, S6","J1, J3, J4",3,"Контролировать клиентскую базу, вовремя реагировать на отток, улучшать удержание","В студии много разовых занятий, клиенты ходят нерегулярно, нужно видеть кто ходит, кто пропал, кто не продлил абонемент","Гибкие отчеты, фильтры по статусам, возможность создавать абонементы на одно занятие","Не всегда понятно, как именно отслеживать разовые посещения","Возможность создавать абонементы на одно занятие, гибкие отчеты, фильтры по статусам","В 1С Фитнес было сложно отслеживать разовые посещения, неудобно вносить данные после начала занятия","«Покупаете самый дешёвый планшет, прибиваете на рецепцию... клиент подносит QR-код, система его приветствует» (52:21) || ""У нас есть разовые занятия... Как мне это отследить? Клиенты ходят разово, платят, а потом пропадают."" || «Автоматическое напоминание, я даже в этом процессе могу не участвовать»",Денис — падл-клуб (старт); Оксана — две детских студии (AppEvent); Ярослава — открытие студии пилатеса,"Отслеживать посещаемость и статус клиентов, включая разовые посещения | Привлечь и удержать клиентов через автоматические уведомления и мотивацию | Удобный чекин клиентов через QR на планшете",Кли-04,посещения_отметки
Клиенты и удержание,Small,Видеть кто «засыпает» и возвращать до отмены (удержание),2,S1,"J1, J2",2,"Своевременно реагировать на отток, предлагать альтернативы","Видеть, кто перестал ходить, и возвращать их, а не только надеяться на «сарафанку» и новых клиентов.","Отчеты по статусам клиентов, история посещений, заморозки",Возможные сложности с адаптацией к новой системе,"Группы клиентов, фильтры по статусам, история посещений","В Excel удобно видеть списки, в CRM нужно аналогичный функционал","""Хочется видеть, кто ходил, кто пропал, чтобы вовремя среагировать.""","Каталина Алексеева — пилатес/реабилитация, Гатчина; Оксана — две детских студии (AppEvent)","Контролировать клиентов, которые перестали посещать занятия, чтобы вовремя реагировать | Управлять удержанием и оттоком",Кли-06,удержание_отток
Клиенты и удержание,Small,Создавать и управлять абонементами с разной номенклатурой,2,"S1, S2","J1, J2",2,Чтобы родители могли управлять абонементами и получать уведомления,Когда дети посещают занятия,Родительский доступ в мобильном приложении,"""Дети без родителей не существуют в программе.""",Создание родительских аккаунтов и связок,Нет такой связки,,Евгений — клуб корпоративный (1С КОРП); Танцевальная студия — Mobi-конкурент,Программа лояльности через мобайл (бонусы за абонементы) | Управлять родительским доступом для детских клиентов,Кли-08,абонементы_управление
Клиенты и удержание,Middle,Собирать и анализировать обратную связь от клиентов и партнёров,2,"S3, S4",J4,2,Чтобы вовремя реагировать на проблемы и удерживать высокий уровень сервиса,"Когда читают всё — отзывы, соцсети, общаются с клиентами в саунах, наблюдают какие сравнения делают клиенты","Улучшение продукта, удержание клиентов, повышение лояльности",Возможно не масштабируется при росте до 50+ клубов,—,"Необходимость систематизации данных, высокая вовлечённость, эмоциональная нагрузка","«Если в сауне обсуждают что давно не чистили — только вышел, в телефоне пишу управляющему.» (53:40) | «Я, Женя, генеральный директор — все, поверьте, читаем отзывы.»  (54:22)","Urban Fit — сеть рекуррентов (Жан + Евгений, 12 клубов СПб); Стас — Stretch House (франшиза, 65 студий)",Собирать и анализировать обратную связь от клиентов и партнёров | Собирать и реагировать на обратную связь клиентов и сотрудников,Кли-13,
Клиенты и удержание,Small,BI-аналитика и дашборды по бизнесу,1,S3,J4,1,"Чтобы оперативно контролировать бизнес, принимать решения и не тратить время на поиск информации","Когда хочу быстро получать данные по выручке, клиентам и тренерам, без захода в CRM и сложных отчетов","Возможность кастомизации бота, получение актуальной аналитики в удобном формате","""Было бы классно, если бы клиенты могли настраивать бота сами, выбирать, какую аналитику видеть"" 1:10:04","Необходимость доработки бота, добавления кастомизации и фильтров","Текущий бот не кастомизируется, показывает некорректные данные, мешает спамом и уведомлениями",,"Дмитрий — сеть, JTBD-вариант",Получать точную и понятную аналитику по клиентам и выручке через Telegram-бота с возможностью кастомизации,Кли-01,аналитика_бизнеса
Клиенты и удержание,Small,"Социальные функции в МПК (чат, геймификация, знакомства)",1,S3,J4,1,"Чтобы повысить LTV клиентов, вовлеченность и сарафанное радио","Когда хочу стимулировать лояльных клиентов, чтобы они прогрессировали и дольше оставались с нами","Возможность настройки алгоритмов геймификации, прозрачность начисления баллов","""Система живет сама по себе, я не понимаю логику начисления баллов"" 57:13","Необходимость переработки геймификации, добавления понятных правил и контроля","Текущая геймификация непрозрачна, непонятна логика начисления, клиенты и я не можем ее контролировать",,"Дмитрий — сеть, JTBD-вариант",Улучшить систему геймификации для мотивации клиентов,Кли-02,приложение_соц
Клиенты и удержание,Small,Управлять и контролировать администраторов на ресепшене,1,S1,J1,1,"Обеспечить точный учет посещаемости, избежать проблем с администрированием","В детской студии часто дети приходят с опозданием, нужно иметь возможность добавить их в занятие после его начала","Удобный интерфейс для изменения статусов посещения, возможность редактировать записи",Возможные сложности с интерфейсом и обучением администраторов,"Возможность менять статус посещения, добавлять клиентов задним числом","В 1С Фитнес было неудобно вносить клиентов после начала занятия, система ""схлопывалась""","""Можно после начала занятия занести человека? В 1С фитнес это было очень неудобно.""",Оксана — две детских студии (AppEvent),"Вносить клиентов в занятия задним числом, если они опоздали или пришли позже",Кли-05,адмы
Клиенты и удержание,Small,Управлять подписками и рекуррентными списаниями,1,S5,J3,1,Чтобы обеспечить стабильный денежный поток,Когда продаю подписки с автоматическим списанием,CRM Fitbase + мобильное приложение для подписок,Иногда непонимание клиентов сути подписки,Готовая инфраструктура для подписной модели,—,"«Подписок в районе 270, и все остальное — это разовые посещения.» (3:12)","Алексей Кочкин — зал без персонала (Екатеринбург, открытие)",Управлять подписочной моделью с автопродлением,Кли-09,подписки_рекурренты
Клиенты и удержание,Big,Контролировать выручку и продажи в реальном времени,1,,,1,Чтобы клиенты возвращались и тратили больше,"Когда растёт база клиентов, но падает возвратность","Автоматические рассылки, напоминания, бонусы","Лимиты по рассылкам, страх спама","Автоматизация, retention-маркетинг","Ручные обзвоны, низкий повтор",,АГРЕГИРОВАНО (без привязки к конкретному интервью),Увеличивать прибыль и удерживать клиентов за счет автоматизации процессов,Кли-10,выручка_контроль
Клиенты и удержание,Middle,"Управлять акциями, скидками и промокодами",1,,,1,Чтобы стимулировать клиентов к покупкам,Когда нужны маркетинговые инструменты для удержания,Бонусная система,Мало опыта использования,"Маркетинг, продажи",Нет автоматизации,,АГРЕГИРОВАНО (без привязки к конкретному интервью),"Управлять бонусами, промокодами и сертификатами",Кли-11,акции_скидки
Клиенты и удержание,Small,IP-телефония для работы с клиентами,1,S1,J5,1,,,,,,,,Детская студия — дзюдо/тхэквондо (1С),"FitBase Click (планшет + QR на входе) — заинтересовал когда узнал, что карточки тоже принимаются (без телефона)",Кли-12,ip_телефония
Клиенты и удержание,Small,Вести учет продаж и посещений в карточке клиента,1,S1,J3,1,Иметь полную историю клиента для анализа и работы с ним.,Клиент покупает абонемент или посещает занятие.,Карточка клиента в CRM.,,Централизация данных.,Нет централизованного учета.,—,Ярослава — открытие студии пилатеса,Вести учет продаж и посещений в карточке клиента,Кли-14,
Клиенты и удержание,Small,Переносить базу клиентов из предыдущей CRM в новую систему,1,S1,J1,1,Быстрый старт работы с новой CRM без потери данных,"Есть существующая база клиентов, не хочется вводить вручную","Помощь в переносе, тестовый перенос, доработка по обратной связи","Неуверенность в качестве переноса, необходимость участия внедренцев","Помощь внедренцев, тестовые переносы, поддержка","В 1С Фитнес и других системах перенос был сложным, не всегда корректным","""Перенос мы помогаем делать... Есть тестовый перенос, смотрите, насколько корректно все перенеслось.""",Оксана — две детских студии (AppEvent),Переносить базу клиентов из предыдущей CRM в новую систему,Кли-15,
Клиенты и удержание,Small,Переносить данные из Excel в CRM без потерь и с минимальными усилиями,1,S1,J1,1,,"Когда начинаю работать с CRM, хочу быстро и без ошибок перенести базу клиентов из Excel","Бесплатный перенос базы при годовом тарифе, консультации специалистов",Возможна очередь на перенос из-за сезона,"Помощь специалистов, тестовый перенос, консультации","Ручной ввод данных занимает много времени, возможны ошибки","""У нас смотрен при подключении от 12 месяцев бесплатный перенос вашей базы с Excel."" ""К этому нужно быть готовым, потому что, ну, система это тоже там все...""",Lime Fitness — хореография,Переносить данные из Excel в CRM без потерь и с минимальными усилиями,Кли-16,
Клиенты и удержание,Small,"Хранить документы клиентов (справки, заявления)",1,S1,J1,1,Чтобы не плодить бумажные документы и иметь быстрый доступ,Когда клиент приносит документы,Возможность прикреплять документы к карточке клиента,"""Мы можем хранить заявление, справку от врача, свидетельство о рождении.""",Загрузка фото документов в карточку клиента,"Бумажные документы, потеря информации",,Танцевальная студия — Mobi-конкурент,"Хранить документы клиентов (справки, заявления)",Кли-17,
Клиенты и удержание,Small,Отслеживать отсутствие справок у клиентов,1,S1,J1,1,Чтобы быстро напомнить и получить недостающие документы,"Когда нужно проверить, кто принес справку, а кто нет",Использование хэштегов и фильтров,"""Можно хэштег настроить 'нет справки' и отфильтроваться.""",Настройка тегов и фильтров,"Нет автоматизации, ручной поиск",,Танцевальная студия — Mobi-конкурент,Отслеживать отсутствие справок у клиентов,Кли-18,
Клиенты и удержание,Middle,Создать комфортное физическое пространство с превосходным качеством отделки и оборудования,1,S5,J3,1,Чтобы сохранить клиентов в сегменте лоу-кост/средний при качестве премиум-клуба,"Когда строил клуб, понимал что в Екатеринбурге насыщенный рынок и клиенты выбирают качество — некомфортно = посмотрят в сторону конкурентов",Хастинг (партнёр) даёт 3D-визуализацию для расстановки тренажёров; Fitbase для управления,,"Хастингс упаковал оборудование под формат, GPT помогал в строительных расчётах",Сложно правильно рассчитать всё с нуля — пришлось менять подрядчика,"«Я в фитнесе давно, клиенты выбирают качество. Если сделаем некомфортное пространство, посмотрят в сторону конкурентов.» (8:49) | «Получилось 10.5 под ключ.» (16:00)","Алексей Кочкин — зал без персонала (Екатеринбург, открытие)",Создать комфортное физическое пространство с превосходным качеством отделки и оборудования,Кли-19,
Клиенты и удержание,Small,Обработка возвратов,1,S5,J1,1,Клиенты были довольны и не уходили недовольными,Когда клиенты хотят вернуть деньги за абонемент,Улучшение информирования клиентов о подписках,Недостаток информации для клиентов,Прозрачность условий,Некоторые клиенты не понимают условия подписки,Я делаю возврат и все.,Speaker A — зал без персонала,Обработка возвратов,Кли-20,
Клиенты и удержание,Small,Поддержка клиентов,1,S5,J1,1,Устранить задержки и недовольство,Когда клиенты сталкиваются с проблемами доступа,Автоматизация поддержки через чат-бота,Ограниченное время для реакции,Наличие связи через Telegram,Клиенты иногда не могут войти в зал,"Я всегда на связи, Телеграм, Макс.",Speaker A — зал без персонала,Поддержка клиентов,Кли-21,
Клиенты и удержание,Middle,Настраивать правила отмены занятий,1,,,1,Чтобы не терять деньги и снижать конфликты,Когда клиенты отменяют в последний момент,Настройка политики отмен,Сложность настройки,Баланс интересов,Нет автоматизации,,АГРЕГИРОВАНО (без привязки к конкретному интервью),Настраивать правила отмены занятий,Кли-22,
Клиенты и удержание,Small,Проверять оплату и возвраты,1,,,1,Чтобы финансы были прозрачны,Когда клиент оплатил/вернул,"Учёт оплат, интеграция кассы",Интеграции с кассой,Автоматизация,"Excel, кассовые ошибки",,АГРЕГИРОВАНО (без привязки к конкретному интервью),Проверять оплату и возвраты,Кли-23,
Клиенты и удержание,Small,Фильтровать клиентов для рассылок,1,,,1,Чтобы персонализировать коммуникации,Когда нужна сегментация,Фильтры в CRM,Нет,Точность маркетинга,"Excel, ручной поиск",,АГРЕГИРОВАНО (без привязки к конкретному интервью),Фильтровать клиентов для рассылок,Кли-24,
Клиенты и удержание,Small,Связать аккаунты родителя и ребенка (общий счет),1,S1,J2,1,,,,,,,,"Каталина Алексеева — пилатес/реабилитация, Гатчина",Связать аккаунты родителя и ребенка (общий счет),Кли-25,
Клиенты и удержание,Middle,Понять реальный риск переноса базы,1,S1,J1,1,,большая клиентская база из 1С под франшизой,,,"Fitbase переносит сам из 1С за 2-3 недели, бесплатно, выборочная проверка по клиентам",,,Анастасия (Пермь) — выход из франшизы (1С+Mobi),Понять реальный риск переноса базы,Кли-26,
Клиенты и удержание,Middle,Связь ребёнок↔родители без потери единого диалога,1,S1,J5,1,,"30% клиентов с 2 номерами родителей; родители разные, оплачивает один, ходит другой",,,,,,Детская студия — дзюдо/тхэквондо (1С),Связь ребёнок↔родители без потери единого диалога,Кли-27,
Клиенты и удержание,Middle,"Тарификация по действующим клиентам, а не по всей базе",1,S2,J2,1,,"у Марины **тысячи клиентов в базе** за все годы работы. «Если за весь период, там, я не знаю, даже там тысячи, две, наверное, три уже надо»",,,,,,Марина — самописная 1С,"Тарификация по действующим клиентам, а не по всей базе",Кли-28,
Клиенты и удержание,Small,Корпоративные карты для семей — есть,1,S2,J2,1,,,,,,,,Марина — самописная 1С,Корпоративные карты для семей — есть,Кли-29,
Расписание и запись,Middle,Отмечать посещения клиентов (QR/чекин/ручная),2,S1,J3,2,"Упростить работу, избежать потерь клиентов, повысить оперативность.","В студии нет администратора, тренеры должны вести часть работы с клиентами.",Мобильное приложение для тренеров.,Нужно оборудование,"Самостоятельность тренеров, снижение нагрузки.","Нет системы, все делается вручную.",—,АГРЕГИРОВАНО (без привязки к конкретному интервью); Ярослава — открытие студии пилатеса,Контролировать посещаемость и списания | Обеспечить возможность тренерам самостоятельно отмечать посещения и записывать клиентов,Рас-01,посещения_отметки
Расписание и запись,Big,Управлять и контролировать администраторов на ресепшене,2,S2,J2,1,"Чтобы упростить работу администраторов, тренеров и управляющих, повысить дисциплину клиентов, улучшить аналитику и коммуникацию с клиентами","Когда управляющий фитнес-клубом с ~150 активными клиентами, где есть групповые, персональные и свободные посещения, и текущая система учёта устарела и не покрывает нужды","Упрощение работы, автоматизация процессов, удобство для клиентов и тренеров, интеграция с мессенджерами, отчётность","Необходимость согласования с собственником, лояльность к текущему ручному процессу, часть клиентов (пенсионеры) не дружат с технологиями","Облачная система, мобильные приложения под бренд, интеграция с мессенджерами, автоматизация записи и оплаты, отчёты, push-уведомления","1С устарела, ""простецкая"", ""миллион раз в лет ее никто не обновлял"", нет автоматизации записи и коммуникаций, ручной ввод данных, отсутствие мобильного приложения","""У нас есть в ручном режиме показывают все это дело в тетрадочку... либо звонят, если не знают, как записываются"" (Василий) || ""У нас только один S-фитнес есть... простые базовые функции... уже миллион раз в лет ее никто не обновлял"" (Василий)",Клуб — общий switch-кейс,Автоматизировать управление фитнес-клубом | Обеспечить удобную запись клиентов на занятия,Рас-02,адмы
Расписание и запись,Middle,Управлять персональными тренировками и записью,1,S1,J1,1,,"Когда тренеры и клиенты хотят записываться на персоналки, нужно организовать удобный и прозрачный процесс записи","Возможность тренера самостоятельно вести записи и график, клиенты могут сами выбирать время",Нет,"Открытая запись для клиентов, возможность скрыть или показать запись на персоналки","Ранее не было прозрачности, ""чтобы не было такого, что он меня не записывает, а того он записывает""","""Ну, мне бы наоборот хотелось, чтобы это было в открытую, знаете, чтобы не было такого, что он меня не записывает, а того он записывает.""",Lime Fitness — хореография,Управлять расписанием и записями на персональные занятия через приложение,Рас-03,персональные_занят
Расписание и запись,Middle,Считать зарплату тренеров без Excel и ошибок,1,S1,J1,1,Чтобы контролировать посещаемость и начислять зарплату тренерам,"Когда у меня есть группы с фиксированным расписанием на год, и нужно отмечать посещения","Возможность создавать расписание на год, отмечать посещения, списывать занятия","Необходимость обучения, настройка системы под особенности ансамбля","Повторяющаяся запись, интеграция с оплатами и зарплатой тренеров","Ручной учет посещений, отсутствие автоматизации","""У нас не личные уроки, а ансамбль... они все 20 человек так и будут ходить весь год целым классом.""",Танцевальная студия — Mobi-конкурент,Управлять расписанием групп и посещениями,Рас-04,зарплата_тренеров
Расписание и запись,Small,Гибко составлять расписание занятий,1,,,1,Чтобы не тратить время еженедельно,Когда нужно планировать на месяцы,Копирование расписаний,Нет,Удобство,Google-календарь — ручное,,АГРЕГИРОВАНО (без привязки к конкретному интервью),Копировать расписание на долгий срок,Рас-05,расписание_создание
Расписание и запись,Middle,Контролировать выручку и продажи в реальном времени,1,S6,J4,1,"клиенты и тренеры записывались быстро и без ошибок, я видел загрузку и выручку","клиенты хотят бронировать корты и тренировки, тренеры должны видеть расписание и клиентов","виджеты для сайта и соцсетей, мобильное приложение с гибкой настройкой интерфейса",нужно обучить тренеров и админов,,,"Когда я как клиент открываю в приложении тренера и записаться на персональную тренировку — я вижу именно те слоты, которые этот тренер сам проставил в своём расписании",Денис — падл-клуб (старт),Организовать и вести учёт бронирования кортов и тренировок,Рас-06,выручка_контроль
Расписание и запись,Small,Делать массовые рассылки и автоматические уведомления клиентам,1,S1,J5,1,,,,,,,,Детская студия — дзюдо/тхэквондо (1С),Лист ожидания с массовой рассылкой о свободных местах — заинтересовал,Рас-07,рассылки_коммуникац
Расписание и запись,Small,Контролировать качество тренировок через просмотр записей и обратную связь,1,S4,J4,1,Чтобы поддерживать высокий уровень тренерской работы,Когда тренеры проводят занятия,"Качество тренировок, безопасность клиентов",,,"Большой объём работы, необходимость систематизации",,"Стас — Stretch House (франшиза, 65 студий)",Контролировать качество тренировок через просмотр записей и обратную связь,Рас-08,
Расписание и запись,Small,Вести расписание с учетом вместимости и листа ожидания,1,S1,J3,1,"Не допускать переполнения, не терять клиентов, автоматизировать процесс.","Есть ограниченное количество реформеров, нужно контролировать количество записанных.",Расписание с ограничением и листом ожидания.,,Автоматизация записи.,Нет автоматического контроля загрузки.,"«Мне нравится вариант, что сайта прям сразу можно посмотреть и оплатить, и не скачивая приложение»",Ярослава — открытие студии пилатеса,Вести расписание с учетом вместимости и листа ожидания,Рас-09,
Расписание и запись,Small,"Управлять расписанием занятий и залами, включая повторяющиеся занятия",1,S1,J1,1,Обеспечить удобное планирование и управление расписанием,"В студии 2-3 зала, занятия повторяются по расписанию, нужно гибко управлять расписанием","Удобный график, возможность повторения занятий, распределение по залам",Возможные сложности с интерфейсом и обучением,"Гибкий график, повторение занятий, распределение по залам","В 1С Фитнес было сложно управлять расписанием, особенно с изменениями","""Можно повторять тренировку, выбирать дни, менять залы.""",Оксана — две детских студии (AppEvent),"Управлять расписанием занятий и залами, включая повторяющиеся занятия",Рас-10,
Расписание и запись,Middle,Управление клиентским потоком,1,S5,J1,1,Избежать перегрузки и обеспечить комфорт,"В часы пик, когда много клиентов",Введение обязательного бронирования в часы пик,Некоторые клиенты не бронируют время,Рекомендации по бронированию,Бывают дни с большим количеством клиентов,Я прошу клиентов бронировать время для посещения зала.,Speaker A — зал без персонала,Управление клиентским потоком,Рас-11,
Расписание и запись,Small,Управлять пиковыми нагрузками и бронированием времени посещения,1,S5,J1,1,Чтобы обеспечить комфорт и безопасность посещения,Когда в часы пик много клиентов и нужно избежать перегрузки зала,"Возможность бронирования слотов, ограничение количества посетителей","Текущая интеграция не работает, данные некорректны",Возможность настройки обязательного бронирования на часы пик,Отсутствие интеграции между CRM и системой контроля мешает точному учету,"«У меня есть рекомендательное правило, 7 слотов, чтобы не больше 7 человек занималось.» (15:14)","Speaker A — зал без персонала (расширенный, 8 джобов)",Управлять пиковыми нагрузками и бронированием времени посещения,Рас-12,
Расписание и запись,Middle,Управлять расписанием занятий (групповые и индивидуальные),1,,,1,Чтобы загрузка тренеров была оптимальной и клиенты довольны,"Когда тренеры ведут параллельно группы, а клиенты часто путаются",Расписание с копированием и листом ожидания,Инд. записи сложнее автоматизировать,"Удобство, автоматизация","Google-календари, ручные записи",,АГРЕГИРОВАНО (без привязки к конкретному интервью),Управлять расписанием занятий (групповые и индивидуальные),Рас-13,
Расписание и запись,Big,Управлять бизнесом падл-клуба с эффективной системой бронирования и учёта,1,S6,J4,1,"бизнес работал без хаоса, с прозрачной статистикой, удобством для клиентов и тренеров, и я мог принимать управленческие решения","запуск падл-клуба, опыт работы в теннисе, хочет развивать детские/групповые тренировки, турниры, персоналки","мощная CRM + учётная система с интеграциями, мобильными приложениями, автоматизацией и аналитикой","возможные сложности с интеграцией с Мегафоном, необходимость обучения персонала",,,"Я теннисист. Я 10 лет проработал директором спортивной школы теннисной, поэтому я в теннисе",Денис — падл-клуб (старт),Управлять бизнесом падл-клуба с эффективной системой бронирования и учёта,Рас-14,
Расписание и запись,Small,"Онлайн-трансляции занятий через Zoom — заинтересовал, спросил",1,S1,J5,1,,,,,,,,Детская студия — дзюдо/тхэквондо (1С),"Онлайн-трансляции занятий через Zoom — заинтересовал, спросил",Рас-15,
Расписание и запись,Small,Записи в массажной комнате — оформить как групповое занятие на 1 человека,1,S5,J1,1,,,,,,,,Анастасия (Завьялово) — микро-студия без админов,Записи в массажной комнате — оформить как групповое занятие на 1 человека,Рас-16,
Коммуникации и маркетинг,Middle,SMM и контент-маркетинг,3,S1,J1,3,Чтобы не разрываться между разными мессенджерами и соцсетями,"Когда общаюсь с клиентами через разные каналы (WhatsApp, ВКонтакте, Instagram), хочу не терять заявки и вести переписку удобно","Интеграция с WhatsApp, ВКонтакте, Instagram через партнера ""Интеллект Диалог"", возможность вести переписку без VPN","Ограничения Instagram по таргетингу, нестабильность интеграции","Возможность вести переписку из одного окна, автоматизация обработки заявок","Ранее заявки из Instagram приходят без номеров, таргетинг нестабилен, приходится вручную выяснять контакты","""Инстаграм подключается туда, нет?"" ""Да, Инстаграм подключается с помощью нашего партнера Интеллект Диалог."" || ""То есть неважно, откуда клиент пишет и звонит, он к нам приходит сюда.""",Lime Fitness — хореография; АГРЕГИРОВАНО (без привязки к конкретному интервью); Танцевальная студия — Mobi-конкурент,"Вести коммуникацию с клиентами из одного окна, включая мессенджеры и соцсети | Вести коммуникацию с клиентами из разных каналов в одном окне | Интегрировать каналы коммуникации (звонки, WhatsApp, соцсети)",Ком-04,smm_контент
Коммуникации и маркетинг,Middle,"Управлять акциями, скидками и промокодами",2,"S1, S5",J3,2,"Повысить скорость реакции, не терять клиентов, контролировать коммуникацию и качество обслуживания.","Клиенты пишут в Instagram, WhatsApp, Telegram, ВК, нужно быстро и удобно отвечать.",Чат с интеграцией мессенджеров.,Сезонность (нужна тёплая погода для летнего бодиара),Знакомый блогер-актер согласился участвовать,"Нет единого окна коммуникации, заявки могут теряться.","«Хотим раздачу флаеров с промокодами промоутером, но не грустного мальчика, а веселого качка. В костюме Спайдермена, потом Хитмана.» (25:41) || —","Алексей Кочкин — зал без персонала (Екатеринбург, открытие); Ярослава — открытие студии пилатеса",Использовать промоутера-блогера в костюме для раздачи флаеров с промокодами | Обеспечить удобную коммуникацию с клиентами через разные каналы в одном окне,Ком-01,акции_скидки
Коммуникации и маркетинг,Small,Интегрировать все мессенджеры в одно окно (WhatsApp/TG/Max/VK/Instagram),2,"S1, S2","J2, J5",2,"Чтобы не терять историю общения, быстро реагировать на запросы и передавать информацию новым сотрудникам","«WhatsApp фактически не работает. Telegram работал корректно, там надо все это через бота, и если пишут в бота, то это только в 1С, а на аккаунт Телеграма не подгружается»","Интеграция всех каналов в одном окне, хранение переписок, возможность передачи прав тренерам",Возможные сложности с внедрением и обучением,"Fitbase-чат как зеркало личного Telegram (без бота), WhatsApp через свою интеграцию, MAX в PRO","Отсутствие единой системы, переписки разбросаны по разным мессенджерам","""Все переписки, они все хранятся в системе... если администратор уволился, то мы потом всю информацию по их перепискам можем собрать быстро"" (Мария)",Детская студия — дзюдо/тхэквондо (1С); Клуб — общий switch-кейс,Обеспечить коммуникацию с клиентами через мессенджеры | Получить рабочий канал WhatsApp + Telegram в одной CRM,Ком-03,коммуникация_мессенджеры
Коммуникации и маркетинг,Small,IP-телефония для работы с клиентами,2,S1,J1,2,Чтобы вести корректный учет и не путаться в клиентах,Когда приходит новый клиент из соцсетей или мессенджеров,Автоматическая проверка и создание заявок,Стоимость подключения,Автоматическая проверка по номеру телефона,Ручной поиск и проверка клиентов,"""Программа проверяет на дубль по номеру телефона клиента.""",АГРЕГИРОВАНО (без привязки к конкретному интервью); Танцевальная студия — Mobi-конкурент,Подключать IP-телефонию | Проверять заявки на дубли по номеру телефона,Ком-06,ip_телефония
Коммуникации и маркетинг,Middle,Делать массовые рассылки и автоматические уведомления клиентам,2,S5,J1,2,Чтобы повысить retention и LTV,"«У администраторов даже орфографию не соблюдают, когда общаются с клиентами»","SMS, WhatsApp, push",Лимиты рассылок,40 автоматизаций (стандарт) / без ограничений (PRO) + Fitbase-чат как зеркало WhatsApp/Telegram/ВК/Max,"Ручные рассылки, WhatsApp copy-paste",,АГРЕГИРОВАНО (без привязки к конкретному интервью); Анастасия (Завьялово) — микро-студия без админов,"Автоматизация всей коммуникации (рассылки, напоминания, поздравления) | Удерживать клиентов через коммуникации и рассылки",Ком-08,рассылки_коммуникац
Коммуникации и маркетинг,Middle,Видеть кто «засыпает» и возвращать до отмены (удержание),1,S1,J1,1,"Снизить нагрузку на менеджеров, повысить вовлеченность клиентов и удержание","Нужно было быстро и удобно оповещать клиентов о событиях, акциях, окончании абонементов, но предыдущие решения не давали гибкости","Автоматизация до 40 действий, сегментированные рассылки, интеграция с мессенджерами через Feedbase Chat","Страх блокировки номеров, необходимость правильной настройки рассылок","Автоматизация, сегментация, интеграция с мессенджерами, возможность настройки времени и частоты рассылок","В 1С Фитнес и других системах рассылки были неудобны, медленные, дорогие (WhatsApp), блокировки","""Можно настроить, что сразу практически отправлял 7 сообщений... Можно настроить, чтобы не заблокировали... Можно сегментировать клиентов.""",Оксана — две детских студии (AppEvent),Автоматизировать коммуникации с клиентами через разные каналы,Ком-02,удержание_отток
Коммуникации и маркетинг,Middle,Лидогенерация и воронка продаж (заявки → клиент),1,S1,J1,1,,"Когда веду продажи и обработку заявок, хочу видеть, сколько заявок на каком этапе, причины отказов и конверсию","Автоматизированная воронка с возможностью строить несколько сценариев, отслеживать тайминг обработки заявок",Нет,"Автоматизация, аналитика, интеграция с разными источниками заявок","У конкурентов (Моби Фитнес) воронка менее автоматизирована, нет интеграции с AMSRM","""У них нет, наверное, воронки продаж, это, наверное, основное. Она у них есть, но она не очень автоматизированная.""",Lime Fitness — хореография,Анализировать эффективность продаж и работы с клиентами через воронку продаж,Ком-05,лиды_воронка
Коммуникации и маркетинг,Middle,"Локальный геомаркетинг (ЖК-чаты, штендеры, виндеры)",1,S5,J3,1,Чтобы достичь финмодели в октябре и доказать инвестору жизнеспособность модели,Когда я только открылся (52 подписки + 200 установок приложения за 2 недели) и нужно к октябрю выйти на 270 подписок + 30 разовых = 300 клиентов,CRM ведёт учёт всех каналов привлечения,,"Возможность отслеживать источники, привязка к мобильному приложению",Маркетинга по сути не вели (одно сообщение в чате ЖК),«Маркетинг не нужен. Нужно удачное место. И самый главный маркетинг — это вот чат из ЖК.» (18:50) | «У меня 5000+ квартир в пятиминутной ходьбе.» (4:00),"Алексей Кочкин — зал без персонала (Екатеринбург, открытие)",Привлечь 300 целевых клиентов к октябрю через локальный геомаркетинг,Ком-07,geo_маркетинг
Коммуникации и маркетинг,Middle,Снизить TCO стека и избавиться от доплат за каждую фичу,1,S2,J2,1,,"«У нас это в телефоне сейчас, и вот это выпускаем, бывает моментом» — теряет сообщения",,,"Fitbase-чат, 5 мессенджеров встроены, без доплат",,,Марина — самописная 1С,Все мессенджеры в одном окне без доплат,Ком-09,tco_доплат
Коммуникации и маркетинг,Small,"Избавиться от раздражающих уведомлений и ботов в системе, которые мешают работе",1,S3,J4,1,"Чтобы работать спокойно, не отвлекаться и не тратить время на фильтрацию сообщений","Когда получаю много уведомлений от бота техподдержки, которые мешают видеть реальные сообщения","Улучшение UX, уменьшение количества ненужных уведомлений","""У меня миллиард сообщений от бота, это раздражает"" 1:03:00",Необходимость изменения логики уведомлений и работы бота,"Бот техподдержки постоянно пишет, мешает видеть реальные сообщения, раздражает",,"Дмитрий — сеть, JTBD-вариант","Избавиться от раздражающих уведомлений и ботов в системе, которые мешают работе",Ком-10,
Коммуникации и маркетинг,Small,Управлять коммуникацией с партнёрами и подрядчиками,1,S4,J4,1,Чтобы обеспечить слаженную работу сети,Когда нужно координировать работу и решать вопросы,"Координация, решение проблем",,,"Много коммуникаций, необходимость систематизации",,"Стас — Stretch House (франшиза, 65 студий)",Управлять коммуникацией с партнёрами и подрядчиками,Ком-11,
Коммуникации и маркетинг,Middle,Выбрать правильную локацию для зала без персонала,1,S5,J3,1,Чтобы окна сами рекламировали клуб + был органический трафик в первые недели,"Когда искал помещение под зал, ориентировался на густонаселённые ЖК с большой плотностью населения и небольшим количеством конкурентов рядом",—,,"Уникальное помещение как самореклама (видовые окна, первый этаж, неоновая вывеска через окна)",—,"«Окна, они уже сами рекламируют. К сожалению, у нас не самое проходное место — это уже крайний дом.» (20:24)","Алексей Кочкин — зал без персонала (Екатеринбург, открытие)",Выбрать правильную локацию для зала без персонала,Ком-12,
Коммуникации и маркетинг,Small,Кросс-маркетинг с соседним бизнесом ЖК,1,S5,J3,1,Чтобы охватить местных жителей через привычные им точки,"Когда вокруг много кафе, спа-салонов, парикмахерских, аптек и пунктов выдачи Wildberries",—,Пока не определились с форматом,Готовы партнёры в списке,—,"«У нас уже список по кросс-маркетингу довольно широкий. Хотим сначала весь геомаркетинг использовать, и дальше идти в кросс-маркетинг.» (21:41)","Алексей Кочкин — зал без персонала (Екатеринбург, открытие)",Кросс-маркетинг с соседним бизнесом ЖК,Ком-13,
Аналитика и управление,Small,Стратегическое планирование и целеполагание ЛПР,1,S4,J4,1,Чтобы эффективно достигать результатов,Когда нужно определить приоритеты и задачи на месяц,"Фокус, эффективность",,,Требует времени и концентрации,,"Стас — Stretch House (франшиза, 65 студий)",Проводить стратегическое планирование и целеполагание,Ана-01,стратегия
Аналитика и управление,Small,BI-аналитика и дашборды по бизнесу,1,S2,J2,1,Чтобы быстро получать аналитику и принимать управленческие решения,"Когда отчёты ведутся управляющим вручную, без автоматизации","Более 40 видов отчётов, автоматизация, аналитика","Неинтересно для тренера, больше для управляющего","Автоматизация отчётов, доступ к аналитике в системе","Ручное ведение отчётов, ограниченный доступ к данным","""Управляющие занимаются... финансовые моменты он там смотрит... я думаю, это вам в вашей роли неинтересно"" (Мария)",Клуб — общий switch-кейс,Вести отчётность по посещаемости и продажам,Ана-02,аналитика_бизнеса
Аналитика и управление,Small,Контролировать выручку и продажи в реальном времени,1,S6,J4,1,,,,,,,"«Мы создаём кастомную историю. Вы ему заказываете всё, что хотите, как угодно» (31:07)",Денис — падл-клуб (старт),"Получать управленческие отчёты по загрузке кортов, выручке, тренерам",Ана-03,выручка_контроль
СКУД и доступ,Small,Масштабироваться (открывать новые точки / стать сетью),2,S5,"J1, J3",2,Чтобы снизить затраты и упростить управление доступом,"Когда планирую новый зал и не хочу платить 170 тыс. ₽ за контроллер Сигур, как у конкурентов","Интеграция с домофоном, управление доступом через мобильное приложение","Технические риски нового решения, не везде применимо","Новое решение дешевле (12 тыс. руб.), удобнее, управление через приложение","Сигур дорогой, сложная интеграция, статические QR-коды","«Я планирую запуск еще одного зала, и там я попробую не с Сигуром поработать, а с кем-то другим.» (2:38) || См. аналогичный кейс Speaker A.","Speaker A — зал без персонала (расширенный, 8 джобов); Алексей Кочкин — зал без персонала (Екатеринбург, открытие)",Минимизировать стоимость СКУД при масштабировании | Обеспечить масштабирование бизнеса с новым залом и альтернативными решениями контроля доступа,СКУ-01,масштабирование
СКУД и доступ,Small,Управлять ролями и доступом сотрудников в системе,1,S5,J1,1,Чтобы сохранить имущество и избежать убытков,Когда я управляю залом и хочу минимизировать случаи воровства и несанкционированного прохода,"Интеграция с видеонаблюдением, контроль доступа через Сигур","Нет явных барьеров, система устраивает","Видеонаблюдение, дежурные тренеры, система контроля доступа","Были случаи несанкционированного прохода, но серьезных проблем не было",«Случаев воровства не было ни одного... Контролирую видеонаблюдением и дежурными тренерами.» (9:21),"Speaker A — зал без персонала (расширенный, 8 джобов)",Обеспечить безопасность и контроль доступа в зал,СКУ-02,роли_доступ
СКУД и доступ,Middle,Управлять и контролировать администраторов на ресепшене,1,S5,J1,1,,"Анастасия живёт в городе, а зал в селе. Управляющий «живёт рядышком», но не на постоянке.",,,FitBase Click (планшет) + интеграция с домофоном через китайское оборудование 50-60к,,,Анастасия (Завьялово) — микро-студия без админов,Убрать ресепшен полностью — клиент входит сам через домофон/планшет,СКУ-03,адмы
СКУД и доступ,Middle,Обеспечить автоматический вход клиентов в зал по QR-коду,1,S5,J1,1,Чтобы не тратить время на ручной ввод и не создавать неудобств клиентам при входе,"Когда я запускаю зал и хочу, чтобы клиенты проходили без моего вмешательства, используя QR-коды",Автоматическая интеграция QR-кодов с системой контроля доступа,"Текущая система Сигур не поддерживает нужный формат QR-кодов, что мешает автоматизации","Возможность автоматической интеграции с системой контроля доступа, поддержка динамических QR-кодов","Сигур не поддерживает динамические QR-коды, приходится использовать статические и вводить данные вручную","«У меня появился новый клиент, я зашел в скут, завел данные, ввел вручную код и открыл доступ на определенный срок... Моя мечта, чтобы работало так, чтобы это было все автоматически.» (1:48)","Speaker A — зал без персонала (расширенный, 8 джобов)",Обеспечить автоматический вход клиентов в зал по QR-коду,СКУ-04,
СКУД и доступ,Middle,Контролировать одновременные входы,1,S2,J2,1,,,,,,,,Евгений — клуб корпоративный (1С КОРП),Контролировать одновременные входы,СКУ-05,
СКУД и доступ,Small,"Запрет передачи QR-кода (динамический, обновляется раз в 2 секунды) — критично для безопасности",1,S2,J2,1,,,,,,,,Евгений — клуб корпоративный (1С КОРП),"Запрет передачи QR-кода (динамический, обновляется раз в 2 секунды) — критично для безопасности",СКУ-06,
Операционка / не быть узким местом,Big,Масштабироваться (открывать новые точки / стать сетью),5,"S1, S3, S4, S5","J1, J3, J4",5,"Чтобы создать референс на который смотрят остальные, занять регион полностью, заработать на масштабе, реализовать договор на 15 лет","Когда я с 15-летним опытом в фитнесе решаю стать фаундером и выбираю формат с высокой маржинальностью и низкой точкой входа, понимая что полная автоматизация — иллюзия и эмоциональное вовлечение всё равно потребуется",Полноценная CRM + мобильное приложение для автономной работы клуба (зашита в стоимость ремонта 10.5 млн),"Высокая стоимость оборудования (Сигур), технические сложности интеграции, необходимость менять оборудование при масштабировании","Удобство мобильного приложения, минимальное количество кликов, интеграция с оборудованием, поддержка и доработка системы","Ручной ввод клиентов в систему контроля доступа, отсутствие автоматической интеграции между CRM и Сигур, что вызывает задержки и проблемы с доступом клиентов","«Стать сетью номер один по рекурренту в Санкт-Петербурге. 50-60 клубов в Питере, дальше посмотрим.» (47:02) | «Pickleball — первыми в России.»  (65:08) || «Мы здесь, а не потому, что мы хотим, чтобы оно само работало. Мы готовы вкладываться и эмоциями, и силами, и времени, чтобы все нюансы учесть.» (1:49) || «Моя задача – это синтегрировать нового клиента, дать ему доступ в зал. И чтобы у него не было проблем.» (5:49)","Speaker A — зал без персонала (расширенный, 8 джобов); Urban Fit — сеть рекуррентов (Жан + Евгений, 12 клубов СПб); Алексей Кочкин — зал без персонала (Екатеринбург, открытие); Стас — Stretch House (франшиза, 65 студий); Танцевальная студия — Mobi-конкурент","Делегировать задачи и строить команду | Запустить и развить автоматизированный фитнес-клуб с высокой маржинальностью при минимальном личном вовлечении в операционку | Построить сеть фитнес-клубов нового поколения, которая определит рынок СПб по рекурренту | Управлять всем бизнесом танцевальной школы | Управлять фитнес-клубом эффективно и автономно",Опе-02,масштабирование
Операционка / не быть узким местом,Big,Контролировать выручку и продажи в реальном времени,2,"S1, S4","J2, J4",2,"Чтобы бизнес пережил меня, занимал лидирующие позиции в городах, приносил стабильный доход и имел сильный бренд","Когда я управляю бизнесом с 65 студиями и 26 партнёрами, в условиях рынка с высокой конкуренцией и необходимостью баланса между ростом и качеством","Долгосрочная устойчивость, лидерство на рынке, счастье партнеров и сотрудников",,,Недостаток управленческих навыков для одновременного ведения филиальной сети и франчайзинга; необходимость выбора стратегии; риск потери качества при масштабировании,,"Каталина Алексеева — пилатес/реабилитация, Гатчина (эталон AJTBD); Стас — Stretch House (франшиза, 65 студий)","Построить устойчивую, масштабируемую и прибыльную франчайзинговую фитнес-компанию Stretch House | Управлять студией как системным бизнесом, а не как «ремесленник», чтобы получать доход без личного участия в операционке и тренировках",Опе-01,выручка_контроль
Операционка / не быть узким местом,Big,Запустить студию/клуб с нуля с готовыми процессами,1,,,1,Чтобы избежать хаоса и стартовать эффективно,Когда студия только открывается,Полный набор CRM-инструментов с Day 1,Стоимость старта,Fitbase «под ключ»,"Ручные процессы, Google-таблицы",,АГРЕГИРОВАНО (без привязки к конкретному интервью),Запустить студию «с нуля» с готовыми процессами,Опе-03,запуск_бизнеса
Операционка / не быть узким местом,Small,Найти инвестиции и партнёра для следующего зала,1,S5,J3,1,Чтобы вырасти в сеть и не выходить на рынок инвесторов с нуля,"Когда достигну финмодели (300 клиентов в октябре), планирую запуск второго объекта",—,Не у всех бизнесов есть готовый инвестор,Инвестор уже здесь и готов при достижении KPI,—,"«Если сделаем целевые показатели в октябре 300 клиентов, то будем искать ещё одно место. Инвестор готов, но если покажем финрез.» (17:55)","Алексей Кочкин — зал без персонала (Екатеринбург, открытие)",Найти инвестиции и партнёра для следующего зала,Опе-04,
Операционка / не быть узким местом,Big,Автоматизация доступа клиентов в зал,1,S5,J1,1,Клиенты могли входить без задержек и проблем,При входе клиентов в зал,,,,,"Моя мечта, чтобы работало так, чтобы это было все автоматически.",Speaker A — зал без персонала,Автоматизация доступа клиентов в зал,Опе-05,
Операционка / не быть узким местом,Big,"Управлять студией так, чтобы процессы были централизованы, прозрачны и под контролем",1,,,1,"Чтобы снизить ручной труд, видеть всю картину и быть уверенным в контроле","Когда студия растёт, клиентов становится много, Excel и чаты создают хаос",Централизованное управление в одном окне (CRM + расписание + абонементы + финансы),"Цена, миграция базы","Поиск CRM, рекомендации коллег","Excel, тетрадки, разрозненные чаты",,АГРЕГИРОВАНО (без привязки к конкретному интервью),"Управлять студией так, чтобы процессы были централизованы, прозрачны и под контролем",Опе-06,
Операционка / не быть узким местом,Middle,Автоматизация через триггеры,1,S1,J5,1,,в 1С триггеров было «сколько угодно и под любые задачи»,,,,,,Детская студия — дзюдо/тхэквондо (1С),Автоматизация через триггеры,Опе-07,
Запуск и переход,Middle,Масштабироваться (открывать новые точки / стать сетью),1,S4,J4,1,"Чтобы сеть масштабировалась органично, партнёры были счастливы и бизнес устойчив",Когда партнёры запускают студии и развивают бизнес,"Успешный запуск и развитие студий, обмен опытом, поддержка",,,"Разный уровень партнёров, необходимость индивидуального подхода, ограниченные управленческие ресурсы",,"Стас — Stretch House (франшиза, 65 студий)",Поддерживать и развивать партнёрские отношения с франчайзи,Зап-01,масштабирование
Запуск и переход,Small,Перенести базу клиентов без потерь при переходе на новую систему,1,S2,J2,1,,,,,,,,Евгений — клуб корпоративный (1С КОРП),Бесплатный перенос базы из 1С — драйвер,Зап-02,перенос_базы
Запуск и переход,Middle,Управлять продажами франшиз и отбором партнёров,1,S4,J4,1,"Чтобы привлечь качественных партнёров, минимизировать риски и обеспечить рост сети",Когда поступают заявки на франшизу и нужно выбрать подходящих партнёров,"Качественный подбор партнёров, рост сети, снижение рисков",,,"Отсутствие маркетингового бюджета, зависимость от личных связей, необходимость личного участия в каждом собеседовании",,"Стас — Stretch House (франшиза, 65 студий)",Управлять продажами франшиз и отбором партнёров,Зап-03,
Запуск и переход,Middle,Управлять маркетингом и операционными процессами,1,S4,J4,1,"Чтобы обеспечить стабильный приток клиентов и партнёров, а также эффективную работу команды",Когда нужно продвигать студии и оптимизировать внутренние процессы,"Рост продаж, оптимизация процессов",,,"Ограниченные ресурсы, необходимость делегирования, сложность масштабирования",,"Стас — Stretch House (франшиза, 65 студий)",Управлять маркетингом и операционными процессами,Зап-04,
Запуск и переход,Small,Вести личные собеседования с потенциальными партнёрами,1,S4,J4,1,Чтобы отбирать только подходящих партнёров,Когда поступают заявки на франшизу,"Качество партнёров, снижение рисков",,,"Высокая нагрузка, невозможность делегирования",,"Стас — Stretch House (франшиза, 65 студий)",Вести личные собеседования с потенциальными партнёрами,Зап-05,
Запуск и переход,Middle,Тестировать и запускать новые форматы клубов (NEO,1,S3,J4,1,сквош),pickleball,"Хочу запускать 3 новых формата помимо NEO, проверять разные ЦА (рекуррент молодёжи vs термальный комплекс с разовым потреблением)",Fitbase должен поддерживать разные продукты в одной CRM,"Стратегически важно, но риск размытия позиционирования","Чтобы расширить продуктовую линейку, занять новые ниши и сохранить экспансию",—,"Urban Fit — сеть рекуррентов (Жан + Евгений, 12 клубов СПб)",Тестировать и запускать новые форматы клубов (NEO,Зап-06,
Клиентский опыт и приложение,Middle,Видеть кто «засыпает» и возвращать до отмены (удержание),1,S3,J4,1,"Чтобы дети не получили травм и приходили регулярно (не уйти в отток), а социализация удерживала их как аудиторию","Когда генеральный директор сказал — пусть подростки идут к нам в зал, а не во дворе. Они до 35 = 70% базы, 14-18 = 10%. Молодые приходят, но поведение хаотичное — много оборудования, не знают что делать",МПК Fitbase с социальными фичами (в обсуждении с командой Fitbase),Скорость доработки фичей,Готовность Fitbase развивать функционал под их запросы,"В текущем МПК нет достаточно социальных фичей, чатов между клиентами, геймификации","«Им важна геймификация, интерактивность, социализация. Мы часто обсуждаем чтобы Fitbase добавлял в приложение побольше плюшек особенно социальных где могут пообщаться или познакомиться.» (38:46) | «Школьники, студенты — для них тренировка это не только результат, это и поговорить, словить общий вайбик.» (36:45)","Urban Fit — сеть рекуррентов (Жан + Евгений, 12 клубов СПб)",Удерживать молодую аудиторию (10% — это 14-18 летние) через социализацию и онбординг,Кли-01,удержание_отток
Клиентский опыт и приложение,Small,Делать массовые рассылки и автоматические уведомления клиентам,1,S1,J1,1,,"Когда клиент долго не посещает занятия или наступает день рождения, хочу автоматические уведомления","Автоматизация уведомлений по триггерам (день рождения, продажи, посещения)",Нет,"Триггеры, автоматические уведомления",Ручная работа администраторов занимает много времени,"""Система может автоматически отправить пуш в приложение клиенту, а может... отправить задачу администратору.""",Lime Fitness — хореография,Получать уведомления и напоминания о важных событиях и клиентах,Кли-02,рассылки_коммуникац
Клиентский опыт и приложение,Small,"Социальные функции в МПК (чат, геймификация, знакомства)",1,S1,J1,1,,,,,,,,Анастасия (Пермь) — выход из франшизы (1С+Mobi),"Bonus / геймификация (Leaderboard) — упомянуто, но не приоритет",Кли-03,приложение_соц
Клиентский опыт и приложение,Middle,BI-аналитика и дашборды по бизнесу,1,S1,J5,1,,"«У 1С есть приложение управляющего, но там очень ограниченный функционал»",,,BI Dashboard от Яндекса в PRO — 30 метрик по уникальной ссылке для управляющего,,,Детская студия — дзюдо/тхэквондо (1С),Мобайл управляющего с финансовой аналитикой,Кли-04,аналитика_бизнеса
Клиентский опыт и приложение,Middle,Программа лояльности с бонусами и «приведи друга»,1,S5,J1,1,,"Хочет «Лидерборд» (Топаз, Рубин, Сапфир, Бриллиант), как у Urban Fit",,,Брендированное приложение с лигами + рулетка + промокод,,,Анастасия (Завьялово) — микро-студия без админов,Программа лояльности через мобильное приложение,Кли-05,программа_лояльности
Клиентский опыт и приложение,Small,Интегрировать все мессенджеры в одно окно (WhatsApp/TG/Max/VK/Instagram),1,S5,J1,1,,,,,,,,Анастасия (Завьялово) — микро-студия без админов,"Сторис в приложении (без VPN, быстрее чем Instagram)",Кли-06,коммуникация_мессенджеры
Клиентский опыт и приложение,Middle,IP-телефония для работы с клиентами,1,S2,J2,1,,"«Перекопали кабель, повредили, у нас там два дня интернета не было». В здании только один провайдер (МТС).",,,"Облако, доступ с любого устройства; адаптивная мобильная версия",,,Марина — самописная 1С,"Облачная программа, которая работает через телефон при отключении провайдера",Кли-07,ip_телефония
Клиентский опыт и приложение,Small,Упростить и ускорить работу с мобильным приложением для тренеров и руководителей,1,S3,J4,1,"Чтобы работать эффективно в любом месте, экономить время и не зависеть от компьютера","Когда часто приходится работать с телефона, а веб-версия неудобна, возникают проблемы с интерфейсом и функционалом","Переработка мобильного приложения, улучшение UX, адаптация под мобильные устройства","""Иногда окно не уезжает дальше, не могу отменить, приходится идти к компьютеру"" 1:19:18","Необходимость доработки мобильного приложения, устранение багов","В текущем приложении есть баги, неудобства, приходится переключаться на веб-версию",,"Дмитрий — сеть, JTBD-вариант",Упростить и ускорить работу с мобильным приложением для тренеров и руководителей,Кли-08,
Клиентский опыт и приложение,Small,Развивать чат и социальные функции внутри МПК (через Fitbase),1,S3,J4,1,Чтобы клиенты могли общаться между собой через приложение и оставались дольше,Когда 70% клиентов до 35 лет требуют социализации в цифровом пространстве. Законодательство РФ требует кириллицу — нельзя назвать тариф 'общий вайбик',Будущая ценность Fitbase — социальные фичи МПК (в разработке/обсуждении),Скорость разработки фичей,Активный диалог с командой Fitbase,Текущий МПК не имеет достаточно социальных функций для молодой аудитории,«Мы часто обсуждаем как раз таки чтобы Fitbase добавлял в приложение побольше плюшек особенно социальных.» (38:18),"Urban Fit — сеть рекуррентов (Жан + Евгений, 12 клубов СПб)",Развивать чат и социальные функции внутри МПК (через Fitbase),Кли-09,
Клиентский опыт и приложение,Small,Упростить работу тренеров с расписанием и задачами,1,S2,J2,1,Чтобы тренеры могли лучше планировать работу и контролировать клиентов,"Когда тренеры работают в хаотичном режиме, без чёткого расписания и задачника",Мобильное приложение для тренеров с расписанием и задачником,Не все тренеры готовы к цифровизации,"Мобильное приложение с расписанием, задачником, возможностью записи клиентов","Отсутствие чёткого расписания, хаотичность, ручной учёт","""Тренер может поставить себе задачи, видеть расписание, фиксировать посещаемость"" (Мария)",Клуб — общий switch-кейс,Упростить работу тренеров с расписанием и задачами,Кли-10,
Клиентский опыт и приложение,Small,Брендировать приложение под студию,1,,,1,Чтобы укреплять бренд,Когда хочется персонализации,White-label приложение,Стоимость кастомизации,Имидж,Нет своего приложения,,АГРЕГИРОВАНО (без привязки к конкретному интервью),Брендировать приложение под студию,Кли-11,
Клиентский опыт и приложение,Small,Настраивать мобильное приложение под бренд клуба,1,S6,J4,1,,,,,,,"«В мобильном приложении вы делаете всё, что хотите: цвета меняете, интерфейс меняете, переставляете» (10:39)",Денис — падл-клуб (старт),Настраивать мобильное приложение под бренд клуба,Кли-12,
Клиентский опыт и приложение,Middle,Брендированное мобильное приложение под свою новую марку,1,S1,J1,1,,"выходит из франшизы, нужен новый бренд + приложение в сторах",,"регистрация Apple ID с её юр.лицом (выход из франшизы → возможны нюансы), товарный знак не оформлен","Fitbase делает за 2-3 недели, бесплатно при Standard/PRO, помогает с регистрацией в сторах","приложение Mobifitness было на их аккаунтах, при отвязке надо переделывать",,Анастасия (Пермь) — выход из франшизы (1С+Mobi),Брендированное мобильное приложение под свою новую марку,Кли-13,
Клиентский опыт и приложение,Small,Электронное подписание прямо в мобильном приложении — Fitbase обещает «в этом году»,1,S1,J1,1,,,,,,,,Анастасия (Пермь) — выход из франшизы (1С+Mobi),Электронное подписание прямо в мобильном приложении — Fitbase обещает «в этом году»,Кли-14,
Клиентский опыт и приложение,Small,"Виджет онлайн-расписания на сайт (для тех, кто не качает приложение) — клиент впечатлён",1,S5,J1,1,,,,,,,,Анастасия (Завьялово) — микро-студия без админов,"Виджет онлайн-расписания на сайт (для тех, кто не качает приложение) — клиент впечатлён",Кли-15,
Интеграции и техническое,Big,Управлять и контролировать администраторов на ресепшене,2,"S1, S5",J1,2,"Обеспечить комфортную работу для себя и администраторов, снизить стресс от внедрения новой системы","Руководитель студии танцев, с опытом работы в CRM (Bitrix, 1С Фитнес), но с негативным опытом в 1С Фитнес, где интерфейс сложный и неинтуитивный, поддержка медленная, администраторы боятся системы","Интуитивный интерфейс, двухуровневая поддержка, персональный менеджер, автоматизация, мобильное приложение","Неуверенность в переносе данных, необходимость тестирования, отсутствие администраторов сейчас, возможные сложности с интеграцией","Интуитивный интерфейс, двухуровневая поддержка, персональный менеджер, мобильное приложение, автоматизация, интеграция с мессенджерами, возможность тестирования","1С Фитнес: ""прям напугал сложный интерфейс"", ""неинтуитивный"", ""много времени потратила на изучение"", ""вопросы появлялись, поддержка не всегда своевременная"", ""обратная связь затяжная"", ""администраторы боялись CRM"", ""сложно понять схему работы""","""Пробывали работать с 1С фитнес. Честно, прям напугал сложный интерфейс... Я, как руководитель, очень много времени потратила на то, чтобы сама изучить этот вопрос... И в итоге я так до конца и не смогла на 100%, даже хотя бы на 80% понять схему работы."" || Проблема с интеграцией по входу в зал для людей осталась в подвешенном состоянии.",Speaker A — зал без персонала; Оксана — две детских студии (AppEvent),"Интеграция CRM и системы доступа | Получить готовую, простую и интуитивно понятную CRM-систему для управления студией танцев",Инт-01,адмы
Интеграции и техническое,Middle,Интегрировать все мессенджеры в одно окно (WhatsApp/TG/Max/VK/Instagram),2,S1,J1,1,,раньше всё было «по франшизе» в чужой 1С + чужом Mobifitness. Теперь надо своё.,,"надо самой регистрироваться в Apple/Google, $100/год за Apple + $25 единоразово за Google","всё в одном тарифе (Standard или PRO), бесплатный перенос базы из 1С",мобайл на чужих аккаунтах Apple/Google → теряет данные при отвязке,,Анастасия (Пермь) — выход из франшизы (1С+Mobi),Получить интеграции с мессенджерами без отдельной оплаты | Получить полный пакет учёта + мобайла + мессенджеров в одной системе,Инт-02,коммуникация_мессенджеры
Интеграции и техническое,Middle,Обеспечить качественную поддержку и обучение при внедрении CRM,1,S1,J1,1,"Снизить время на решение вопросов, повысить эффективность внедрения и обучения","При работе с предыдущей CRM поддержка была медленной, не всегда своевременной, что усложняло внедрение и работу","Двухуровневая поддержка, персональный менеджер, обучающие видео и база знаний","Возможные задержки в поддержке, необходимость участия аккаунт-менеджера","Поддержка разделена на две линии, персональный менеджер, обучающие материалы (видео, текст)","Поддержка 1С Фитнес: ""писали, не всегда своевременно получали обратную связь"", ""эффект затяжной"", ""техподдержка была сложной""","""По поддержке... Мы писали, не всегда своевременно получали, ну, как бы обратную связь получалась, чуть-чуть такой затяжной этот эффект.""",Оксана — две детских студии (AppEvent),Обеспечить качественную поддержку и обучение при внедрении CRM,Инт-03,
Интеграции и техническое,Small,Интегрировать систему с 1С бухгалтерией,1,S6,J4,1,,,,,,,"«Тут как бы зависит от того, что вы хотите оттуда тянуть... обычно это кастомные отчёты, делают через импорт-экспорт» (30:03)",Денис — падл-клуб (старт),Интегрировать систему с 1С бухгалтерией,Инт-04,
Интеграции и техническое,Middle,Поддержка в выходные,1,S2,J2,1,,"«Это наша боль. У нас всегда проблема начинается либо в субботу. И 1С-ники нам говорят, мы не работаем»",,,"«без выходных, 9-21 по Москве + персональный менеджер на PRO + вторая линия поддержки»",,,Евгений — клуб корпоративный (1С КОРП),Поддержка в выходные,Инт-05,
Интеграции и техническое,Middle,Сохранить свою номенклатуру с пересчётом «остаток месяца»,1,S1,J5,1,,"«Это моя разработка. 1С тоже такое не делали, я вот сделал просто это конкретно под себя»",,,,,,Детская студия — дзюдо/тхэквондо (1С),Сохранить свою номенклатуру с пересчётом «остаток месяца»,Инт-06,
Интеграции и техническое,Small,"Внутренние ссылки на свой домен (PRO) — увидел, не критично",1,S1,J5,1,,,,,,,,Детская студия — дзюдо/тхэквондо (1С),"Внутренние ссылки на свой домен (PRO) — увидел, не критично",Инт-07,
Интеграции и техническое,Big,"Перейти со слетающей самописной программы на стабильную облачную систему, при условии что у нас бывают перебои с интернетом (МТС перекапывает кабель в селе).",1,S2,J2,1,Не зависеть от одного программиста + получать обновления + работать стабильно,"Программист уехал, программа всё хуже работает",,,,,,Марина — самописная 1С,"Перейти со слетающей самописной программы на стабильную облачную систему, при условии что у нас бывают перебои с интернетом (МТС перекапывает кабель в селе).",Инт-08,
Интеграции и техническое,Small,"Wallet-карты (электронные) — у Марины уже есть, ушла на 20+ тысяч/год за них в 1С. Это +отдельный кост 1С который Fitbase закрывает в основном тарифе",1,S2,J2,1,,,,,,,,Марина — самописная 1С,"Wallet-карты (электронные) — у Марины уже есть, ушла на 20+ тысяч/год за них в 1С. Это +отдельный кост 1С который Fitbase закрывает в основном тарифе",Инт-09,
Личная эффективность владельца,Small,"Поддерживать корпоративную культуру (All Hands, ценности)",1,S4,J4,1,Чтобы укреплять командный дух и ценности компании,Когда нужно поддержать корпоративную культуру и ценности,"Мотивация, культура, вовлечённость",,,"Требует подготовки, эмоциональная нагрузка",,"Стас — Stretch House (франшиза, 65 студий)",Организовывать и проводить All Hands встречи с сотрудниками и партнёрами,Лич-01,корпкультура
Личная эффективность владельца,Small,"Управлять личным временем и энергией (режим, сон, спорт)",1,S4,J4,1,Чтобы быть продуктивным и принимать правильные решения,Когда нужно сохранять эффективность и работоспособность,"Высокая эффективность, здоровье",,,"Сложно соблюдать режим, отвлекающие факторы",,"Стас — Stretch House (франшиза, 65 студий)","Управлять своим временем и энергией через режим сна, питания и спорта",Лич-02,тайм_менеджмент
